,count
CGG,519051
CAT,383653
AAA,616718
AAG,407539
ACA,303167
ATT,459393
ATC,436698
CAC,323355
GCT,406732
TCC,362197
AGC,407020
GGC,540807
AGT,255198
CTG,415703
CTT,407734
ATG,383484
CCT,341226
ATA,359954
CGT,327701
GAG,326812
TAA,342707
CTA,195428
TCG,440076
GGG,330302
CGA,439636
TAG,196629
TAC,241997
TTG,423638
CCC,329848
GTA,242518
TGT,303697
TAT,360261
AAC,349725
GGT,365356
AGA,342947
TGG,407746
TCA,404995
TTT,619893
TGA,404260
GTT,351230
GAC,336510
GCC,540999
GAA,449310
GAT,436530
TCT,343329
GGA,362293
ACG,328072
CTC,327746
TGC,429940
CAG,415784
TTA,343656
CCA,408786
GTG,322918
AGG,341568
GTC,335000
ACT,255481
TTC,451027
CAA,424319
CCG,518247
ACC,364926
CGC,555181
GCA,430166
AAT,459039
GCG,555284
