PANGAEA Sample ID,Mean_Date [YY/MM/DD hh:mm]*,Mean_Lat*,Mean_Long*,Mean_Depth [m]*,Mean_Temperature [deg C]*,Mean Depth MLD Sigma [m]*,Mean_Salinity [PSU]*,Mean_Oxygen [umol/kg]*,Mean_Nitrates[umol/L]*,NO2 [umol/L]**,PO4 [umol/L]**,NO2NO3 [umol/L]**,SI [umol/L]**,"AMODIS:PAR8d,Einsteins/m-2/d-1",Okubo-Weiss,Lyapunov_exp.,grad_SST_adv,retention,Mean Depth Max Fluo [m]*,Mean Depth Max N2 [m]*,Mean Depth Max O2 [m]*,Mean Depth Min O2 [m]*,Mean Depth Nitracline [m]*,miTAG.SILVA.Taxo.Richness,miTAG.SILVA.Phylo.Diversity,miTAG.SILVA.Chao,miTAG.SILVA.ace,miTAG.SILVA.Shannon,OG.Shannon,OG.Richness,OG.Evenness,FC - heterotrophs [cells/mL],FC - autotrophs [cells/mL],FC - bacteria [cells/mL],FC - picoeukaryotes [cells/mL],minimum generation time [h]
TARA_B100000161,4/13/10 3:21,0.00,71.64,5.5,30.5,14,35.1,185.2,2.6,0.02,1.94,28.64,15.14,33.9,0.01,0.00,NA,0.00,48,47,28,869,132,2154,359,3345,3226,6.30,7.06,14553,0.736,393599,305984,699583,818,13
TARA_R100000406,4/15/10 2:38,-0.66,73.16,5.5,30.1,12,35.1,185.7,0.5,0.00,0.10,0.05,1.94,43.5,0.03,0.00,NA,1.19,64,58,28,64,51,NA,NA,NA,NA,NA,NA,NA,NA,773570,433402,1206972,16620,NA
TARA_R100000149,4/4/10 3:13,6.03,73.89,5.4,30.0,21,34.6,189.3,-1.5,0.00,0.08,0.03,2.21,51.7,-0.03,0.04,NA,7.06,76,103,32,168,85,NA,NA,NA,NA,NA,NA,NA,NA,808564,188746,997310,909,NA
TARA_B100000123,4/4/10 3:13,6.03,73.89,5.4,30.0,21,34.6,189.3,-1.5,0.00,0.08,0.03,2.21,51.7,-0.03,0.04,NA,7.06,76,103,32,168,85,2331,388,3665,3569,6.51,7.09,15541,0.735,808564,188746,997310,909,14
TARA_Y100000114,4/19/10 7:54,-9.39,66.42,5.4,29.8,17,34.2,187.3,-2.2,0.01,0.08,0.06,2.12,43.4,-0.07,0.05,1.99,6.19,59,30,28,111,61,NA,NA,NA,NA,NA,NA,NA,NA,313030,148147,461176,566,NA
TARA_B100000242,4/19/10 7:54,-9.39,66.42,5.4,29.8,17,34.2,187.3,-2.2,0.01,0.08,0.06,2.12,43.4,-0.07,0.05,1.99,6.19,59,30,28,111,61,1998,331,3066,2983,6.31,7.06,13177,0.744,313030,148147,461176,566,13
TARA_R100000455,3/30/10 2:56,14.60,69.98,5.5,29.1,5,36.0,187.4,-1.3,0.00,0.14,0.09,1.47,47.6,-0.16,0.03,0.43,21.64,65,57,30,422,75,NA,NA,NA,NA,NA,NA,NA,NA,491899,249308,741207,818,NA
TARA_Y100000052,3/30/10 2:56,14.60,69.98,5.5,29.1,5,36.0,187.4,-1.3,0.00,0.14,0.09,1.47,47.6,-0.16,0.03,0.43,21.64,65,57,30,422,75,NA,NA,NA,NA,NA,NA,NA,NA,491899,249308,741207,818,NA
TARA_B100000282,3/30/10 2:56,14.60,69.98,5.5,29.1,5,36.0,187.4,-1.3,0.00,0.14,0.09,1.47,47.6,-0.16,0.03,0.43,21.64,65,57,30,422,75,2520,407,3964,3812,6.56,7.10,16594,0.731,491899,249308,741207,818,14
TARA_B100000212,5/17/10 3:56,-16.96,53.99,5.5,27.9,47,34.6,191.7,NA,0.00,0.12,0.00,2.67,33.9,0.47,0.05,1.77,0.00,71,69,333,441,148,2127,349,3096,3016,6.26,7.08,14573,0.739,425006,206037,631044,3913,15
TARA_R100000152,4/4/10 9:05,6.00,73.90,79.0,27.7,21,35.1,132.8,0.6,0.15,0.34,1.39,3.20,41.6,-0.03,0.04,NA,7.06,76,103,32,168,85,NA,NA,NA,NA,NA,NA,NA,NA,NA,29694,29694,1333,NA
TARA_B100000131,4/4/10 9:05,6.00,73.90,79.0,27.7,21,35.1,132.8,0.6,0.15,0.34,1.39,3.20,41.6,-0.03,0.04,NA,7.06,76,103,32,168,85,2545,407,3879,3662,6.47,7.11,15301,0.738,NA,29694,29694,1333,12
TARA_R100001509,5/12/11 13:38,1.99,-84.58,5.4,27.6,9,33.4,198.6,1.2,0.04,0.27,0.90,1.70,51.5,0.01,0.02,2.22,11.36,28,42,28,380,61,NA,NA,NA,NA,NA,NA,NA,NA,1053096,0,1053096,0,NA
TARA_B100000925,5/12/11 13:38,1.99,-84.58,5.4,27.6,9,33.4,198.6,1.2,0.04,0.27,0.90,1.70,51.5,0.01,0.02,2.22,11.36,28,42,28,380,61,2356,388,3372,3269,6.65,7.17,15162,0.745,1053096,0,1053096,0,11
TARA_R100000005,1/20/10 4:50,18.40,39.88,5.4,27.6,26,38.6,184.1,-0.9,0.02,0.19,0.03,3.91,35.4,NA,0.00,0.67,0.00,43,78,28,217,149,NA,NA,NA,NA,NA,NA,NA,NA,480515,104486,585001,6442,NA
TARA_Y100000004,1/20/10 4:50,18.40,39.88,5.4,27.6,26,38.6,184.1,-0.9,0.02,0.19,0.03,3.91,35.4,NA,0.00,0.67,0.00,43,78,28,217,149,NA,NA,NA,NA,NA,NA,NA,NA,480515,104486,585001,6442,NA
TARA_B100000003,1/20/10 4:50,18.40,39.88,5.4,27.6,26,38.6,184.1,-0.9,0.02,0.19,0.03,3.91,35.4,NA,0.00,0.67,0.00,43,78,28,217,149,2230,371,3191,3120,6.51,7.15,14190,0.748,480515,104486,585001,6442,11
TARA_R100000008,1/20/10 7:44,18.40,39.86,60.1,27.6,26,38.9,175.4,0.1,0.27,0.09,0.64,1.35,35.4,NA,0.00,0.67,0.00,43,78,28,217,149,NA,NA,NA,NA,NA,NA,NA,NA,NA,16783,16783,99,NA
TARA_B100000029,1/20/10 7:44,18.40,39.86,60.1,27.6,26,38.9,175.4,0.1,0.27,0.09,0.64,1.35,35.4,NA,0.00,0.67,0.00,43,78,28,217,149,3330,532,4936,4776,6.46,7.19,17914,0.734,NA,16783,16783,99,13
TARA_A100001234,1/13/10 8:00,21.98,38.24,5.4,27.3,27,38.9,182.8,0.0,0.00,0.05,0.00,1.15,34.1,NA,0.00,NA,0.00,53,79,33,248,172,2143,354,2993,2927,6.47,7.16,13578,0.753,556091,215346,771437,4410,11
TARA_B000000609,6/26/10 7:12,-15.34,43.29,5.5,27.3,80,35.0,193.1,NA,NA,NA,NA,NA,37.6,NA,NA,NA,NA,86,88,32,994,NA,2407,401,3652,3472,6.52,7.08,13543,0.744,409420,207207,616626,634,13
TARA_B100001939,12/30/11 12:56,9.85,-80.04,5.4,27.1,5,34.3,195.5,-1.7,0.00,0.01,0.00,2.93,35.9,0.34,0.16,NA,0.00,40,66,29,395,218,2904,466,4633,4527,6.68,7.23,16828,0.743,439099,139450,578549,2277,10
TARA_R100000458,3/30/10 8:46,14.56,70.01,58.2,27.1,5,36.5,148.3,-0.2,0.07,0.34,0.49,1.38,48.5,-0.16,0.03,0.43,21.64,65,57,30,422,75,NA,NA,NA,NA,NA,NA,NA,NA,491755,123011,614766,4463,NA
TARA_B100000287,3/30/10 8:46,14.56,70.01,58.2,27.1,5,36.5,148.3,-0.2,0.07,0.34,0.49,1.38,48.5,-0.16,0.03,0.43,21.64,65,57,30,422,75,2654,416,3901,3804,6.45,7.12,16485,0.733,491755,123011,614766,4463,11
TARA_B000000565,6/27/10 12:07,-17.02,42.74,5.6,27.0,14,35.1,190.1,NA,0.02,0.00,0.00,2.81,25.1,NA,NA,NA,NA,17,11,17,4,NA,2548,414,4102,3913,6.57,7.15,14117,0.749,NA,NA,NA,NA,10
TARA_R100000479,3/18/10 4:41,18.57,66.53,5.4,26.8,9,36.3,193.4,-1.4,0.01,0.23,0.03,1.44,46.9,0.33,0.03,1.63,2.14,35,83,29,555,115,NA,NA,NA,NA,NA,NA,NA,NA,795040,173106,968146,5455,NA
TARA_Y100000033,3/18/10 4:41,18.57,66.53,5.4,26.8,9,36.3,193.4,-1.4,0.01,0.23,0.03,1.44,46.9,0.33,0.03,1.63,2.14,35,83,29,555,115,NA,NA,NA,NA,NA,NA,NA,NA,795040,173106,968146,5455,NA
TARA_R100000482,3/18/10 9:52,18.57,66.49,25.3,26.8,9,36.3,193.0,-0.6,0.02,0.26,0.09,1.28,45.9,0.33,0.03,1.63,2.14,35,83,29,555,115,NA,NA,NA,NA,NA,NA,NA,NA,703226,246739,949965,6045,NA
TARA_B100000085,3/18/10 9:52,18.57,66.49,25.3,26.8,9,36.3,193.0,-0.6,0.02,0.26,0.09,1.28,45.9,0.33,0.03,1.63,2.14,35,83,29,555,115,2238,362,3181,3049,6.51,7.14,14680,0.744,703226,246739,949965,6045,11
TARA_Y100000592,8/8/11 17:38,-8.91,-142.56,5.5,26.8,95,35.4,187.3,5.0,0.19,0.56,3.73,1.80,NA,-0.01,0.00,0.14,2.78,44,104,29,246,214,NA,NA,NA,NA,NA,NA,NA,NA,800561,146848,947408,5808,NA
TARA_Y100000590,8/8/11 17:38,-8.91,-142.56,5.5,26.8,95,35.4,187.3,5.0,0.19,0.56,3.73,1.80,NA,-0.01,0.00,0.14,2.78,44,104,29,246,214,NA,NA,NA,NA,NA,NA,NA,NA,800561,146848,947408,5808,NA
TARA_B100001121,8/8/11 17:38,-8.91,-142.56,5.5,26.8,95,35.4,187.3,5.0,0.19,0.56,3.73,1.80,NA,-0.01,0.00,0.14,2.78,44,104,29,246,214,2530,413,3865,3776,6.67,7.17,17303,0.734,800561,146848,947408,5808,14
TARA_Y100000588,8/8/11 17:38,-8.91,-142.56,5.5,26.8,95,35.4,187.3,5.0,0.19,0.56,3.73,1.80,NA,-0.01,0.00,0.14,2.78,44,104,29,246,214,NA,NA,NA,NA,NA,NA,NA,NA,800561,146848,947408,5808,NA
TARA_B100001989,12/10/11 13:58,6.33,-102.94,5.4,26.6,24,33.4,196.9,-1.2,0.00,0.16,0.00,1.19,40.6,-0.11,0.04,NA,1.61,50,48,28,347,55,2661,436,4306,4212,6.51,7.12,17717,0.728,394198,222835,617033,1567,15
TARA_B100002019,12/21/11 16:25,7.41,-79.30,5.4,26.6,4,28.9,205.3,-3.8,0.00,0.08,0.00,0.54,27.9,0.22,0.36,NA,0.00,26,42,29,288,48,2919,459,4459,4420,6.73,7.19,17614,0.735,867923,264990,1132914,5808,13
TARA_Y100001958,7/31/11 17:24,-8.91,-140.28,5.5,26.6,88,35.4,189.8,3.9,0.14,0.53,4.90,2.22,45.2,0.02,0.04,NA,0.00,35,122,29,339,233,NA,NA,NA,NA,NA,NA,NA,NA,721664,31112,752776,10279,NA
TARA_B100000683,7/31/11 17:24,-8.91,-140.28,5.5,26.6,88,35.4,189.8,3.9,0.14,0.53,4.90,2.22,45.2,0.02,0.04,NA,0.00,35,122,29,339,233,2819,464,4526,4335,6.50,7.21,19169,0.731,721664,31112,752776,10279,10
TARA_Y100001954,7/31/11 17:24,-8.91,-140.28,5.5,26.6,88,35.4,189.8,3.9,0.14,0.53,4.90,2.22,45.2,0.02,0.04,NA,0.00,35,122,29,339,233,NA,NA,NA,NA,NA,NA,NA,NA,721664,31112,752776,10279,NA
TARA_Y100001972,7/26/11 17:34,-8.99,-139.21,5.9,26.5,71,35.4,186.2,4.0,0.12,0.57,5.46,2.19,40.2,0.00,0.02,NA,8.42,99,107,29,232,203,NA,NA,NA,NA,NA,NA,NA,NA,NA,150974,150974,5770,NA
TARA_Y100001980,7/26/11 17:34,-8.99,-139.21,5.9,26.5,71,35.4,186.2,4.0,0.12,0.57,5.46,2.19,40.2,0.00,0.02,NA,8.42,99,107,29,232,203,NA,NA,NA,NA,NA,NA,NA,NA,NA,150974,150974,5770,NA
TARA_B100001115,7/26/11 17:34,-8.99,-139.21,5.9,26.5,71,35.4,186.2,4.0,0.12,0.57,5.46,2.19,40.2,0.00,0.02,NA,8.42,99,107,29,232,203,2417,397,3614,3506,6.58,7.13,16069,0.736,NA,150974,150974,5770,13
TARA_Y100001978,7/26/11 17:34,-8.99,-139.21,5.9,26.5,71,35.4,186.2,4.0,0.12,0.57,5.46,2.19,40.2,0.00,0.02,NA,8.42,99,107,29,232,203,NA,NA,NA,NA,NA,NA,NA,NA,NA,150974,150974,5770,NA
TARA_R100001510,5/13/11 0:00,2.08,-84.52,29.8,26.5,9,34.3,203.1,3.9,0.11,0.50,4.60,3.20,51.7,0.01,0.02,2.22,11.36,28,42,28,380,61,NA,NA,NA,NA,NA,NA,NA,NA,824281,155101,979382,4968,NA
TARA_B100000927,5/13/11 0:00,2.08,-84.52,29.8,26.5,9,34.3,203.1,3.9,0.11,0.50,4.60,3.20,51.7,0.01,0.02,2.22,11.36,28,42,28,380,61,2501,401,3567,3451,6.68,7.17,15374,0.743,824281,155101,979382,4968,13
TARA_Y100001937,8/5/11 0:27,-9.11,-140.58,9.9,26.5,92,35.4,190.7,5.1,0.16,0.63,6.18,2.52,NA,0.02,0.04,NA,0.00,33,115,31,241,187,NA,NA,NA,NA,NA,NA,NA,NA,705265,250340,955605,10669,NA
TARA_Y100001935,8/5/11 0:27,-9.11,-140.58,9.9,26.5,92,35.4,190.7,5.1,0.16,0.63,6.18,2.52,NA,0.02,0.04,NA,0.00,33,115,31,241,187,NA,NA,NA,NA,NA,NA,NA,NA,705265,250340,955605,10669,NA
TARA_B100000674,8/5/11 0:27,-9.11,-140.58,9.9,26.5,92,35.4,190.7,5.1,0.16,0.63,6.18,2.52,NA,0.02,0.04,NA,0.00,33,115,31,241,187,2532,421,3812,3660,6.62,7.21,17533,0.738,705265,250340,955605,10669,13
TARA_Y100001933,8/5/11 0:27,-9.11,-140.58,9.9,26.5,92,35.4,190.7,5.1,0.16,0.63,6.18,2.52,NA,0.02,0.04,NA,0.00,33,115,31,241,187,NA,NA,NA,NA,NA,NA,NA,NA,705265,250340,955605,10669,NA
TARA_B100001287,12/2/11 14:10,14.20,-116.63,5.4,26.4,17,33.9,195.1,3.2,0.07,0.46,2.44,2.54,33.6,0.05,0.03,NA,2.67,40,38,29,364,46,2330,374,3365,3220,6.61,7.13,13939,0.747,755425,273894,1029319,10134,12
TARA_R100000081,3/15/10 3:44,19.04,64.49,5.5,26.2,11,36.6,199.9,0.9,0.01,0.32,0.06,1.18,47.7,0.01,0.07,0.16,1.08,32,108,32,487,123,NA,NA,NA,NA,NA,NA,NA,NA,1626279,285872,1912151,8040,NA
TARA_Y100000289,3/15/10 3:44,19.04,64.49,5.5,26.2,11,36.6,199.9,0.9,0.01,0.32,0.06,1.18,47.7,0.01,0.07,0.16,1.08,32,108,32,487,123,NA,NA,NA,NA,NA,NA,NA,NA,1626279,285872,1912151,8040,NA
TARA_Y100000287,3/15/10 3:44,19.04,64.49,5.5,26.2,11,36.6,199.9,0.9,0.01,0.32,0.06,1.18,47.7,0.01,0.07,0.16,1.08,32,108,32,487,123,2197,354,2935,2883,6.55,7.14,13741,0.749,1626279,285872,1912151,8040,11
TARA_B100000614,9/4/11 23:14,0.00,-153.68,41.7,26.1,35,35.1,177.0,4.4,0.28,0.55,5.26,2.74,NA,0.01,0.00,0.26,0.00,40,106,29,440,468,3128,485,4723,4675,6.74,7.25,19859,0.733,484331,181360,665691,7895,15
TARA_B100000609,9/4/11 18:04,0.00,-153.68,5.4,26.1,35,35.1,179.9,2.5,0.27,0.54,5.08,2.67,NA,0.01,0.00,0.26,0.00,40,106,29,440,468,2977,476,4617,4499,6.67,7.18,18140,0.732,435093,179847,614940,7872,12
TARA_A100001518,1/11/10 19:14,23.38,37.29,85.5,26.1,35,40.2,180.0,1.2,0.01,0.03,0.01,0.85,23.4,NA,0.00,NA,0.00,80,142,28,287,231,NA,NA,NA,NA,NA,NA,NA,NA,294828,29385,324213,374,NA
TARA_A100001037,1/11/10 19:14,23.38,37.29,85.5,26.1,35,40.2,180.0,1.2,0.01,0.03,0.01,0.85,23.4,NA,0.00,NA,0.00,80,142,28,287,231,3146,505,4409,4349,6.55,7.20,17321,0.737,294828,29385,324213,374,12
TARA_A100001515,1/11/10 7:27,23.36,37.22,5.4,25.8,35,39.7,188.4,-0.5,0.01,0.02,0.00,0.87,24.7,NA,0.00,NA,0.00,80,142,28,287,231,NA,NA,NA,NA,NA,NA,NA,NA,444313,206786,651100,1437,NA
TARA_A100001035,1/11/10 7:27,23.36,37.22,5.4,25.8,35,39.7,188.4,-0.5,0.01,0.02,0.00,0.87,24.7,NA,0.00,NA,0.00,80,142,28,287,231,2142,348,2996,2934,6.32,7.04,13296,0.742,444313,206786,651100,1437,14
TARA_R100000027,3/12/10 6:19,20.82,63.50,5.5,25.6,7,36.5,210.9,NA,0.05,0.37,0.13,1.20,42.5,-0.03,0.07,0.23,18.83,21,23,28,378,88,NA,NA,NA,NA,NA,NA,NA,NA,2216959,231702,2448661,4807,NA
TARA_Y100000015,3/12/10 6:19,20.82,63.50,5.5,25.6,7,36.5,210.9,NA,0.05,0.37,0.13,1.20,42.5,-0.03,0.07,0.23,18.83,21,23,28,378,88,NA,NA,NA,NA,NA,NA,NA,NA,2216959,231702,2448661,4807,NA
TARA_Y100000022,3/12/10 6:19,20.82,63.50,5.5,25.6,7,36.5,210.9,NA,0.05,0.37,0.13,1.20,42.5,-0.03,0.07,0.23,18.83,21,23,28,378,88,2162,342,3048,2967,6.41,7.12,12504,0.754,2216959,231702,2448661,4807,12
TARA_R100000084,3/15/10 9:32,19.03,64.62,25.3,25.5,11,NA,154.7,1.2,0.70,0.42,1.86,1.63,46.0,0.01,0.07,0.16,1.08,32,108,32,487,123,NA,NA,NA,NA,NA,NA,NA,NA,1963051,279788,2242839,11930,NA
TARA_B100000073,3/15/10 9:32,19.03,64.62,25.3,25.5,11,NA,154.7,1.2,0.70,0.42,1.86,1.63,46.0,0.01,0.07,0.16,1.08,32,108,32,487,123,2354,383,3314,3235,6.47,7.17,14995,0.745,1963051,279788,2242839,11930,9
TARA_R100000030,3/12/10 10:34,20.82,63.51,17.4,25.4,7,36.5,211.6,0.4,0.51,0.51,2.08,1.79,41.8,-0.03,0.07,0.23,18.83,21,23,28,378,88,NA,NA,NA,NA,NA,NA,NA,NA,NA,NA,NA,NA,NA
TARA_B100000035,3/12/10 10:34,20.82,63.51,17.4,25.4,7,36.5,211.6,0.4,0.51,0.51,2.08,1.79,41.8,-0.03,0.07,0.23,18.83,21,23,28,378,88,2495,397,3653,3555,6.49,7.13,13952,0.747,NA,NA,NA,NA,13
TARA_B000000557,6/29/10 13:12,-17.32,42.29,67.1,25.3,17,35.2,185.0,0.8,0.03,0.00,0.06,2.51,29.2,0.21,0.33,NA,0.00,69,79,34,825,93,2496,397,3562,3484,6.64,7.12,15238,0.740,659427,233917,893344,2606,13
TARA_B100000963,4/15/11 13:10,-12.99,-95.99,5.5,25.3,35,35.8,200.2,4.6,0.14,0.68,6.20,1.20,41.8,-0.02,0.05,0.34,8.97,61,51,52,239,146,2412,387,3504,3459,6.60,7.17,14283,0.749,464267,155789,620056,7780,14
TARA_Y100001938,8/5/11 19:30,-9.07,-140.62,118.3,25.2,92,35.8,175.9,4.5,0.35,0.49,1.21,1.47,NA,0.02,0.04,NA,0.00,33,115,31,241,187,NA,NA,NA,NA,NA,NA,NA,NA,446146,17646,463792,8414,NA
TARA_Y100001936,8/5/11 19:30,-9.07,-140.62,118.3,25.2,92,35.8,175.9,4.5,0.35,0.49,1.21,1.47,NA,0.02,0.04,NA,0.00,33,115,31,241,187,NA,NA,NA,NA,NA,NA,NA,NA,446146,17646,463792,8414,NA
TARA_B100000676,8/5/11 19:30,-9.07,-140.62,118.3,25.2,92,35.8,175.9,4.5,0.35,0.49,1.21,1.47,NA,0.02,0.04,NA,0.00,33,115,31,241,187,3419,543,5265,5140,6.60,7.21,19030,0.732,446146,17646,463792,8414,13
TARA_Y100001934,8/5/11 19:30,-9.07,-140.62,118.3,25.2,92,35.8,175.9,4.5,0.35,0.49,1.21,1.47,NA,0.02,0.04,NA,0.00,33,115,31,241,187,NA,NA,NA,NA,NA,NA,NA,NA,446146,17646,463792,8414,NA
TARA_B100001248,10/4/11 17:49,31.52,-159.00,5.5,25.2,41,35.2,197.7,-1.0,0.00,0.01,0.01,2.43,NA,0.03,0.06,NA,1.39,113,52,54,456,276,2212,367,3275,3209,6.43,7.10,14422,0.741,416576,121337,537913,932,13
TARA_B100001027,4/3/11 18:10,-25.83,-111.78,5.6,25.1,53,36.4,200.5,-1.6,0.00,0.20,0.05,0.38,44.9,-0.03,0.03,0.36,61.78,176,73,93,484,360,2195,343,3095,3050,6.28,7.09,14079,0.742,387346,0,387346,436,15
TARA_B000000532,7/2/10 10:17,-21.38,39.56,5.4,25.1,67,35.3,199.9,-0.2,NA,NA,NA,NA,28.9,NA,NA,NA,NA,74,76,407,934,92,2348,377,3427,3298,6.64,7.11,13750,0.746,371432,149622,521054,1949,12
TARA_A100001391,1/9/10 7:25,27.16,34.83,5.4,25.1,45,40.0,188.8,-0.1,0.01,0.02,0.03,0.82,28.2,NA,0.00,NA,0.00,84,90,33,401,139,NA,NA,NA,NA,NA,NA,NA,NA,473351,204723,678074,1192,NA
TARA_A100001388,1/9/10 7:25,27.16,34.83,5.4,25.1,45,40.0,188.8,-0.1,0.01,0.02,0.03,0.82,28.2,NA,0.00,NA,0.00,84,90,33,401,139,2261,366,3358,3229,6.35,7.08,14134,0.740,473351,204723,678074,1192,13
TARA_R100001079,10/5/10 8:10,-8.78,-17.91,5.8,25.0,75,36.4,199.1,0.3,0.00,0.10,0.02,0.87,37.5,0.04,0.02,1.02,0.00,97,98,29,270,132,NA,NA,NA,NA,NA,NA,NA,NA,NA,NA,NA,NA,NA
TARA_B100000424,10/5/10 8:10,-8.78,-17.91,5.8,25.0,75,36.4,199.1,0.3,0.00,0.10,0.02,0.87,37.5,0.04,0.02,1.02,0.00,97,98,29,270,132,2743,431,3901,3816,6.64,7.12,17255,0.730,NA,NA,NA,NA,16
TARA_B100002051,1/9/12 12:41,25.51,-88.38,5.4,25.0,142,36.2,194.3,-2.2,0.02,0.00,0.05,1.22,NA,-3.49,0.06,NA,43.44,50,151,244,485,271,2942,466,4605,4424,6.73,7.19,17734,0.735,436017,89629,525647,1597,11
TARA_B100002052,1/9/12 21:30,25.66,-88.47,123.7,24.9,142,36.2,193.0,0.4,0.02,0.02,0.06,1.17,NA,-3.49,0.06,NA,43.44,50,151,244,485,271,3131,486,4745,4636,6.80,7.20,18707,0.732,602824,66588,669412,1253,11
TARA_B100000900,4/21/11 20:16,-5.25,-85.16,5.5,24.9,18,34.7,206.0,11.7,0.32,1.00,12.60,5.00,42.1,0.00,0.04,1.80,3.75,37,36,29,353,41,2293,357,3198,3093,6.62,7.13,13566,0.750,1032721,192335,1225056,19091,12
TARA_R100000234,5/17/10 15:34,-16.96,54.01,79.0,24.9,47,34.9,192.6,0.2,0.03,0.18,0.47,3.22,33.4,0.47,0.05,1.77,0.00,71,69,333,441,148,NA,NA,NA,NA,NA,NA,NA,NA,393152,153771,546924,3775,NA
TARA_B100000214,5/17/10 15:34,-16.96,54.01,79.0,24.9,47,34.9,192.6,0.2,0.03,0.18,0.47,3.22,33.4,0.47,0.05,1.77,0.00,71,69,333,441,148,2558,398,3632,3553,6.65,7.11,15564,0.737,393152,153771,546924,3775,13
TARA_Y100001973,7/28/11 19:36,-8.98,-139.20,113.3,24.7,71,36.1,179.9,2.3,0.10,0.59,2.80,1.80,39.6,0.00,0.02,NA,8.42,99,107,29,232,203,NA,NA,NA,NA,NA,NA,NA,NA,386471,83890,470361,1055,NA
TARA_Y100001970,7/28/11 19:36,-8.98,-139.20,113.3,24.7,71,36.1,179.9,2.3,0.10,0.59,2.80,1.80,39.6,0.00,0.02,NA,8.42,99,107,29,232,203,NA,NA,NA,NA,NA,NA,NA,NA,386471,83890,470361,1055,NA
TARA_B100000700,7/28/11 19:36,-8.98,-139.20,113.3,24.7,71,36.1,179.9,2.3,0.10,0.59,2.80,1.80,39.6,0.00,0.02,NA,8.42,99,107,29,232,203,3284,512,4766,4571,6.80,7.31,19658,0.739,386471,83890,470361,1055,15
TARA_Y100001968,7/28/11 19:36,-8.98,-139.20,113.3,24.7,71,36.1,179.9,2.3,0.10,0.59,2.80,1.80,39.6,0.00,0.02,NA,8.42,99,107,29,232,203,NA,NA,NA,NA,NA,NA,NA,NA,386471,83890,470361,1055,NA
TARA_B100000941,6/14/11 16:54,-23.28,-129.40,5.4,24.2,131,36.5,202.2,-0.9,0.01,0.14,0.03,0.80,27.0,-0.06,0.03,0.44,17.22,159,155,162,532,431,2653,421,4081,4021,6.52,7.12,16502,0.733,493328,118066,611394,321,15
TARA_R100001082,10/5/10 12:42,-8.70,-17.94,95.4,24.1,75,36.6,194.4,0.2,0.01,0.14,0.04,1.32,40.4,0.04,0.02,1.02,0.00,97,98,29,270,132,NA,NA,NA,NA,NA,NA,NA,NA,302791,123447,426238,3263,NA
TARA_B100000427,10/5/10 12:42,-8.70,-17.94,95.4,24.1,75,36.6,194.4,0.2,0.01,0.14,0.04,1.32,40.4,0.04,0.02,1.02,0.00,97,98,29,270,132,3000,465,4373,4263,6.70,7.17,17195,0.735,302791,123447,426238,3263,14
TARA_B100001109,5/21/11 12:37,-2.01,-84.59,5.5,23.9,22,35.0,190.8,6.7,0.31,0.75,8.20,3.90,47.2,0.02,0.00,0.43,7.03,41,81,29,347,253,2640,415,3820,3631,6.73,7.18,15814,0.743,646867,189912,836779,12656,13
TARA_X000000950,9/28/09 13:36,39.07,5.86,5.8,23.9,21,38.0,NA,NA,0.01,0.02,0.03,0.75,26.7,-0.77,0.08,0.69,13.61,53,35,NA,NA,NA,2741,414,3983,3865,6.62,7.22,15315,0.750,901463,39330,940793,1231,17
TARA_A200000113,9/23/09 15:06,37.02,1.95,7.5,23.8,18,37.5,NA,NA,0.00,0.06,0.03,0.52,29.9,-0.79,0.00,NA,4.92,44,41,NA,NA,NA,2592,401,3872,3729,6.53,7.20,15495,0.746,1004684,50586,1055270,813,14
TARA_B100000989,3/24/11 13:07,-29.72,-101.16,5.5,23.8,42,35.8,204.1,-0.4,0.00,0.16,0.02,0.53,43.2,0.02,0.01,0.51,4.25,155,52,72,473,377,2184,338,3194,3118,6.15,7.10,14496,0.741,384614,0,384614,948,16
TARA_B100000886,4/9/11 14:09,-21.15,-104.79,5.4,23.8,63,36.1,204.0,-1.7,0.00,0.29,0.04,0.55,44.6,0.00,0.00,0.71,13.53,145,72,99,388,314,2237,354,3185,3090,6.40,7.11,13751,0.746,NA,NA,NA,NA,15
TARA_Y100000593,8/9/11 19:06,-8.90,-142.58,138.2,23.7,95,36.3,160.5,3.7,0.06,0.56,3.15,1.34,NA,-0.01,0.00,0.14,2.78,44,104,29,246,214,NA,NA,NA,NA,NA,NA,NA,NA,301709,413,302122,8,NA
TARA_Y100000591,8/9/11 19:06,-8.90,-142.58,138.2,23.7,95,36.3,160.5,3.7,0.06,0.56,3.15,1.34,NA,-0.01,0.00,0.14,2.78,44,104,29,246,214,NA,NA,NA,NA,NA,NA,NA,NA,301709,413,302122,8,NA
TARA_B100001123,8/9/11 19:06,-8.90,-142.58,138.2,23.7,95,36.3,160.5,3.7,0.06,0.56,3.15,1.34,NA,-0.01,0.00,0.14,2.78,44,104,29,246,214,3359,537,5430,5408,6.34,7.25,20052,0.732,301709,413,302122,8,18
TARA_Y100000589,8/9/11 19:06,-8.90,-142.58,138.2,23.7,95,36.3,160.5,3.7,0.06,0.56,3.15,1.34,NA,-0.01,0.00,0.14,2.78,44,104,29,246,214,NA,NA,NA,NA,NA,NA,NA,NA,301709,413,302122,8,NA
TARA_R100001126,10/16/10 10:07,-20.94,-35.20,5.5,23.3,34,37.1,206.2,0.0,0.00,0.06,0.00,0.81,NA,0.01,0.02,0.70,3.53,129,154,53,395,395,NA,NA,NA,NA,NA,NA,NA,NA,418710,191229,609939,2215,NA
TARA_Y100000816,10/16/10 10:07,-20.94,-35.20,5.5,23.3,34,37.1,206.2,0.0,0.00,0.06,0.00,0.81,NA,0.01,0.02,0.70,3.53,129,154,53,395,395,NA,NA,NA,NA,NA,NA,NA,NA,418710,191229,609939,2215,NA
TARA_B100000513,10/16/10 10:07,-20.94,-35.20,5.5,23.3,34,37.1,206.2,0.0,0.00,0.06,0.00,0.81,NA,0.01,0.02,0.70,3.53,129,154,53,395,395,2265,365,2710,2679,6.41,7.17,17695,0.733,418710,191229,609939,2215,16
TARA_Y100000813,10/16/10 10:07,-20.94,-35.20,5.5,23.3,34,37.1,206.2,0.0,0.00,0.06,0.00,0.81,NA,0.01,0.02,0.70,3.53,129,154,53,395,395,NA,NA,NA,NA,NA,NA,NA,NA,418710,191229,609939,2215,NA
TARA_B100000575,5/31/11 14:12,-16.96,-100.63,5.9,22.8,67,36.0,208.9,2.6,0.04,0.50,2.68,1.00,34.2,-0.05,0.00,1.04,69.36,83,80,29,301,248,2470,390,3597,3453,6.63,7.13,14494,0.744,498513,112358,610871,5839,13
TARA_B100000945,6/15/11 2:29,-23.19,-129.54,153.5,22.3,131,35.9,207.1,0.5,0.00,0.11,0.02,0.70,24.9,-0.06,0.03,0.44,17.22,159,155,162,532,431,2987,467,4437,4283,6.58,7.17,17754,0.732,207805,106641,314446,604,14
TARA_R100000315,7/8/10 5:19,-29.54,37.94,63.6,22.3,71,35.3,207.4,-0.1,0.00,0.08,0.02,1.75,15.4,0.52,0.08,1.50,1.28,52,161,609,562,424,NA,NA,NA,NA,NA,NA,NA,NA,480670,197050,677720,7162,NA
TARA_Y100000401,7/8/10 5:19,-29.54,37.94,63.6,22.3,71,35.3,207.4,-0.1,0.00,0.08,0.02,1.75,15.4,0.52,0.08,1.50,1.28,52,161,609,562,424,NA,NA,NA,NA,NA,NA,NA,NA,480670,197050,677720,7162,NA
TARA_B100000405,7/8/10 5:19,-29.54,37.94,63.6,22.3,71,35.3,207.4,-0.1,0.00,0.08,0.02,1.75,15.4,0.52,0.08,1.50,1.28,52,161,609,562,424,2541,404,3452,3366,6.64,7.16,16260,0.739,480670,197050,677720,7162,9
TARA_R100000322,7/7/10 4:56,-29.50,37.99,5.5,22.2,71,35.3,210.0,NA,0.00,0.08,0.00,1.77,15.0,0.52,0.08,1.50,1.28,52,161,609,562,424,NA,NA,NA,NA,NA,NA,NA,NA,570751,403151,973902,7078,NA
TARA_B100000401,7/7/10 4:56,-29.50,37.99,5.5,22.2,71,35.3,210.0,NA,0.00,0.08,0.00,1.77,15.0,0.52,0.08,1.50,1.28,52,161,609,562,424,2328,363,3176,3044,6.56,7.10,13216,0.748,570751,403151,973902,7078,11
TARA_Y100001963,8/1/11 20:13,-8.90,-140.29,148.0,22.1,88,35.9,161.3,5.0,1.47,0.66,5.43,1.19,45.2,0.02,0.04,NA,0.00,35,122,29,339,233,NA,NA,NA,NA,NA,NA,NA,NA,236172,9851,246023,191,NA
TARA_Y100001960,8/1/11 20:13,-8.90,-140.29,148.0,22.1,88,35.9,161.3,5.0,1.47,0.66,5.43,1.19,45.2,0.02,0.04,NA,0.00,35,122,29,339,233,NA,NA,NA,NA,NA,NA,NA,NA,236172,9851,246023,191,NA
TARA_B100000686,8/1/11 20:13,-8.90,-140.29,148.0,22.1,88,35.9,161.3,5.0,1.47,0.66,5.43,1.19,45.2,0.02,0.04,NA,0.00,35,122,29,339,233,3502,551,5632,5536,6.28,7.19,19275,0.729,236172,9851,246023,191,13
TARA_Y100001956,8/1/11 20:13,-8.90,-140.29,148.0,22.1,88,35.9,161.3,5.0,1.47,0.66,5.43,1.19,45.2,0.02,0.04,NA,0.00,35,122,29,339,233,NA,NA,NA,NA,NA,NA,NA,NA,236172,9851,246023,191,NA
TARA_R100001230,7/12/10 6:46,-35.19,26.29,5.9,21.8,47,35.4,207.0,NA,NA,NA,NA,NA,9.2,1.83,0.11,0.73,1.08,26,89,416,675,NA,NA,NA,NA,NA,NA,NA,NA,NA,538371,66905,605276,6590,NA
TARA_Y100000356,7/12/10 6:46,-35.19,26.29,5.9,21.8,47,35.4,207.0,NA,NA,NA,NA,NA,9.2,1.83,0.11,0.73,1.08,26,89,416,675,NA,NA,NA,NA,NA,NA,NA,NA,NA,538371,66905,605276,6590,NA
TARA_B000000437,7/12/10 6:46,-35.19,26.29,5.9,21.8,47,35.4,207.0,NA,NA,NA,NA,NA,9.2,1.83,0.11,0.73,1.08,26,89,416,675,NA,2521,399,3386,3306,6.60,7.13,13735,0.748,538371,66905,605276,6590,12
TARA_R100001198,7/12/10 11:25,-35.25,26.31,28.7,21.8,47,NA,206.4,NA,NA,NA,NA,NA,10.4,1.83,0.11,0.73,1.08,26,89,416,675,NA,NA,NA,NA,NA,NA,NA,NA,NA,521106,64001,585107,6166,NA
TARA_Y100000361,7/12/10 11:25,-35.25,26.31,28.7,21.8,47,NA,206.4,NA,NA,NA,NA,NA,10.4,1.83,0.11,0.73,1.08,26,89,416,675,NA,NA,NA,NA,NA,NA,NA,NA,NA,521106,64001,585107,6166,NA
TARA_B000000441,7/12/10 11:25,-35.25,26.31,28.7,21.8,47,NA,206.4,NA,NA,NA,NA,NA,10.4,1.83,0.11,0.73,1.08,26,89,416,675,NA,3402,530,5405,5221,6.80,7.21,18416,0.734,521106,64001,585107,6166,12
TARA_B100001113,5/21/11 23:21,-1.84,-84.63,48.7,21.8,22,35.1,144.6,10.9,0.41,0.93,10.70,6.00,46.5,0.02,0.00,0.43,7.03,41,81,29,347,253,2874,443,4207,4039,6.80,7.19,16528,0.740,NA,NA,NA,NA,10
TARA_R100001129,10/16/10 17:43,-21.05,-35.37,148.0,21.6,34,36.7,203.8,0.6,0.02,0.04,0.00,0.71,NA,0.01,0.02,0.70,3.53,129,154,53,395,395,NA,NA,NA,NA,NA,NA,NA,NA,266887,126802,393689,3021,NA
TARA_Y100000817,10/16/10 17:43,-21.05,-35.37,148.0,21.6,34,36.7,203.8,0.6,0.02,0.04,0.00,0.71,NA,0.01,0.02,0.70,3.53,129,154,53,395,395,NA,NA,NA,NA,NA,NA,NA,NA,266887,126802,393689,3021,NA
TARA_B100000519,10/16/10 17:43,-21.05,-35.37,148.0,21.6,34,36.7,203.8,0.6,0.02,0.04,0.00,0.71,NA,0.01,0.02,0.70,3.53,129,154,53,395,395,3993,595,6142,6034,6.86,7.32,21732,0.733,266887,126802,393689,3021,16
TARA_Y100000814,10/16/10 17:43,-21.05,-35.37,148.0,21.6,34,36.7,203.8,0.6,0.02,0.04,0.00,0.71,NA,0.01,0.02,0.70,3.53,129,154,53,395,395,NA,NA,NA,NA,NA,NA,NA,NA,266887,126802,393689,3021,NA
TARA_A100000171,11/2/09 8:18,35.76,14.26,5.4,21.4,39,37.9,207.8,NA,0.02,0.03,0.12,0.56,22.0,0.14,0.00,NA,7.67,84,57,56,395,NA,NA,NA,NA,NA,NA,NA,NA,NA,633618,39180,672798,947,NA
TARA_A100000164,11/2/09 8:18,35.76,14.26,5.4,21.4,39,37.9,207.8,NA,0.02,0.03,0.12,0.56,22.0,0.14,0.00,NA,7.67,84,57,56,395,NA,2754,423,4030,3931,6.61,7.14,14161,0.747,633618,39180,672798,947,14
TARA_B100001057,3/18/11 14:16,-32.78,-87.09,5.4,21.1,43,34.7,219.2,-0.4,0.00,0.28,0.03,0.09,44.3,0.00,0.05,0.73,12.97,62,53,50,287,269,2711,402,3833,3710,6.67,7.19,16192,0.741,NA,NA,NA,NA,17
TARA_B100000965,4/15/11 13:10,-12.99,-95.99,57.6,20.6,35,35.5,216.8,1.5,0.16,0.78,5.70,1.90,41.8,-0.02,0.05,0.34,8.97,61,51,52,239,146,3053,467,4404,4230,6.83,7.25,18465,0.738,384276,116141,500417,4501,14
TARA_Y200000002,9/15/09 10:15,36.55,-6.57,10.0,20.5,4,36.6,NA,NA,NA,NA,NA,NA,39.9,0.01,0.02,NA,0.00,38,18,NA,NA,NA,2718,406,3763,3680,6.64,7.15,14591,0.745,839531,54593,894124,1222,15
TARA_A100001015,12/15/09 10:40,33.92,32.89,5.4,20.5,41,39.4,207.6,-0.7,0.00,0.00,0.05,0.82,13.2,-0.86,0.03,NA,40.81,77,66,65,260,307,2215,344,3185,3027,6.38,7.12,12612,0.754,232380,36418,268797,1225,15
TARA_B100001741,2/24/12 11:41,31.70,-64.25,6.1,20.4,64,36.6,212.6,NA,0.09,0.00,0.15,0.73,NA,0.01,0.03,NA,1.19,38,176,29,262,318,2900,452,4282,4067,6.75,7.17,15943,0.741,318391,45701,364093,1911,10
TARA_B100001029,4/4/11 8:23,-25.85,-111.77,183.3,20.2,53,35.8,210.6,-0.7,0.02,0.10,0.05,0.35,44.6,-0.03,0.03,0.36,61.78,176,73,93,484,360,2717,430,3972,3844,6.47,7.10,14256,0.742,183522,85755,269276,420,13
TARA_B100000579,5/31/11 21:23,-16.96,-100.70,89.0,19.9,67,35.7,211.5,1.4,0.20,0.44,0.93,0.90,35.5,-0.05,0.00,1.04,69.36,83,80,29,301,248,2758,430,4020,3846,6.69,7.10,15057,0.738,603813,87283,691096,2476,12
TARA_R100001224,11/4/10 10:24,-30.14,-43.29,5.6,19.9,34,36.3,221.5,-0.4,0.00,0.00,0.02,0.48,NA,-0.04,0.08,1.91,14.53,113,41,317,409,436,NA,NA,NA,NA,NA,NA,NA,NA,447396,213507,660903,5498,NA
TARA_Y100000992,11/4/10 10:24,-30.14,-43.29,5.6,19.9,34,36.3,221.5,-0.4,0.00,0.00,0.02,0.48,NA,-0.04,0.08,1.91,14.53,113,41,317,409,436,NA,NA,NA,NA,NA,NA,NA,NA,447396,213507,660903,5498,NA
TARA_B100000524,11/4/10 10:24,-30.14,-43.29,5.6,19.9,34,36.3,221.5,-0.4,0.00,0.00,0.02,0.48,NA,-0.04,0.08,1.91,14.53,113,41,317,409,436,2585,416,3392,3377,6.60,7.12,15863,0.736,447396,213507,660903,5498,14
TARA_Y100000991,11/4/10 10:24,-30.14,-43.29,5.6,19.9,34,36.3,221.5,-0.4,0.00,0.00,0.02,0.48,NA,-0.04,0.08,1.91,14.53,113,41,317,409,436,NA,NA,NA,NA,NA,NA,NA,NA,447396,213507,660903,5498,NA
TARA_R100001015,9/21/10 7:05,-20.44,-3.19,5.4,19.8,147,36.4,215.7,0.2,0.05,0.36,0.99,1.36,48.2,0.00,0.04,1.33,10.81,54,154,29,239,158,NA,NA,NA,NA,NA,NA,NA,NA,572821,117261,690082,9740,NA
TARA_Y100000768,9/21/10 7:05,-20.44,-3.19,5.4,19.8,147,36.4,215.7,0.2,0.05,0.36,0.99,1.36,48.2,0.00,0.04,1.33,10.81,54,154,29,239,158,NA,NA,NA,NA,NA,NA,NA,NA,572821,117261,690082,9740,NA
TARA_B100000459,9/21/10 7:05,-20.44,-3.19,5.4,19.8,147,36.4,215.7,0.2,0.05,0.36,0.99,1.36,48.2,0.00,0.04,1.33,10.81,54,154,29,239,158,2766,441,3896,3759,6.56,7.16,16493,0.737,572821,117261,690082,9740,9
TARA_Y100000766,9/21/10 7:05,-20.44,-3.19,5.4,19.8,147,36.4,215.7,0.2,0.05,0.36,0.99,1.36,48.2,0.00,0.04,1.33,10.81,54,154,29,239,158,NA,NA,NA,NA,NA,NA,NA,NA,572821,117261,690082,9740,NA
TARA_B100000902,4/22/11 19:51,-5.27,-85.23,45.7,19.6,18,34.9,103.9,20.3,1.20,1.86,24.40,10.50,44.4,0.00,0.04,1.80,3.75,37,36,29,353,41,2931,448,4241,4111,6.78,7.17,15878,0.741,1071414,246947,1318361,13382,12
TARA_Y100000996,11/4/10 19:34,-30.15,-43.25,118.3,19.3,34,36.3,217.1,0.5,0.05,0.00,0.10,0.32,NA,-0.04,0.08,1.91,14.53,113,41,317,409,436,NA,NA,NA,NA,NA,NA,NA,NA,421977,48836,470813,2505,NA
TARA_B100000530,11/4/10 19:34,-30.15,-43.25,118.3,19.3,34,36.3,217.1,0.5,0.05,0.00,0.10,0.32,NA,-0.04,0.08,1.91,14.53,113,41,317,409,436,3458,539,4628,4592,6.83,7.18,18431,0.731,421977,48836,470813,2505,12
TARA_Y100000994,11/4/10 19:34,-30.15,-43.25,118.3,19.3,34,36.3,217.1,0.5,0.05,0.00,0.10,0.32,NA,-0.04,0.08,1.91,14.53,113,41,317,409,436,NA,NA,NA,NA,NA,NA,NA,NA,421977,48836,470813,2505,NA
TARA_B100001093,10/18/11 18:58,35.41,-127.74,5.5,19.2,10,33.1,224.4,-0.7,0.00,0.29,0.02,1.91,NA,-0.16,0.03,NA,40.67,42,38,29,635,79,2816,422,4003,3852,6.71,7.15,15279,0.742,1000349,169828,1170177,6068,13
TARA_B100001540,2/15/12 12:59,34.68,-71.30,11.7,19.1,187,36.5,214.4,0.9,0.22,0.02,0.74,0.94,NA,-2.38,0.08,NA,83.42,46,204,297,610,395,2967,459,4362,4198,6.55,7.15,15917,0.739,338145,27459,365604,4165,11
TARA_B100001996,12/11/11 14:14,6.34,-102.98,58.1,19.0,24,34.6,77.0,22.1,0.83,1.11,12.90,8.07,32.3,-0.11,0.04,NA,1.61,50,48,28,347,55,2984,460,4312,4146,6.64,7.12,16960,0.732,306105,60313,366418,3630,10
TARA_X000001388,12/15/09 16:17,33.93,32.77,69.1,19.0,41,39.3,218.1,0.3,0.01,0.00,0.02,0.67,14.7,-0.86,0.03,NA,40.81,77,66,65,260,307,NA,NA,NA,NA,NA,NA,NA,NA,598682,48034,646716,669,NA
TARA_A100001011,12/15/09 16:17,33.93,32.77,69.1,19.0,41,39.3,218.1,0.3,0.01,0.00,0.02,0.67,14.7,-0.86,0.03,NA,40.81,77,66,65,260,307,2393,375,3191,3170,6.56,7.14,12843,0.755,598682,48034,646716,669,15
TARA_B100001758,3/1/12 11:55,34.10,-49.89,5.5,18.7,113,36.4,220.2,-1.2,0.25,0.06,0.68,0.80,13.8,0.21,0.05,NA,0.00,30,162,29,755,732,2962,445,4325,4069,6.71,7.14,15146,0.742,379018,54719,433737,7375,10
TARA_B100001964,12/2/11 17:44,14.17,-116.71,44.2,18.6,17,34.4,95.4,11.0,0.31,0.88,6.05,4.66,40.6,0.05,0.03,NA,2.67,40,38,29,364,46,3055,512,4997,4956,6.08,7.21,17574,0.738,4323439,93168,4416607,4746,31
TARA_A100000172,11/2/09 12:43,35.76,14.25,61.6,18.4,39,37.9,237.9,NA,0.03,0.01,0.02,0.62,23.2,0.14,0.00,NA,7.67,84,57,56,395,NA,NA,NA,NA,NA,NA,NA,NA,NA,NA,NA,NA,NA,NA
TARA_S200000501,11/2/09 12:43,35.76,14.25,61.6,18.4,39,37.9,237.9,NA,0.03,0.01,0.02,0.62,23.2,0.14,0.00,NA,7.67,84,57,56,395,NA,2746,434,4034,3922,6.55,7.14,14088,0.748,NA,NA,NA,NA,13
TARA_E500000318,11/23/09 9:14,39.39,19.39,5.5,18.3,29,38.2,218.0,NA,0.00,0.01,0.03,1.05,13.6,0.18,0.02,NA,1.25,54,38,33,374,NA,NA,NA,NA,NA,NA,NA,NA,NA,264404,34000,298404,1123,NA
TARA_E500000178,11/23/09 9:14,39.39,19.39,5.5,18.3,29,38.2,218.0,NA,0.00,0.01,0.03,1.05,13.6,0.18,0.02,NA,1.25,54,38,33,374,NA,2724,419,3720,3635,6.71,7.17,14408,0.749,264404,34000,298404,1123,21
TARA_B100001750,2/27/12 18:43,34.02,-56.87,246.4,18.2,64,36.6,191.8,4.0,0.03,0.18,4.13,1.62,16.1,0.01,0.03,NA,1.19,38,176,29,262,318,3903,602,6550,6474,6.45,7.18,19854,0.726,174983,0,174983,0,15
TARA_B100001063,3/12/11 11:49,-34.05,-73.08,5.3,18.0,22,34.3,244.9,-1.5,0.01,0.52,0.02,0.09,37.3,-0.07,0.04,NA,3.86,32,34,29,144,51,3225,447,4762,4659,6.85,7.33,17398,0.751,1495550,223179,1718729,8666,9
TARA_B100001778,3/5/12 21:32,35.75,-37.05,39.8,17.7,77,36.2,230.1,1.2,0.04,0.00,0.17,0.84,20.5,-0.18,0.04,NA,22.03,43,101,28,482,110,2919,449,4225,4040,6.75,7.22,17444,0.739,579589,114413,694003,6137,12
TARA_E500000075,11/18/09 8:23,42.21,17.71,5.5,17.6,9,38.2,220.0,NA,0.01,0.01,0.04,1.38,7.7,-0.39,0.00,NA,1.89,54,55,32,157,NA,2658,408,3735,3632,6.58,7.13,14477,0.745,746759,57854,804613,1499,18
TARA_B100001769,3/5/12 11:02,35.91,-37.26,5.5,17.6,77,36.3,228.4,-0.3,0.04,0.01,0.17,0.84,15.7,-0.18,0.04,NA,22.03,43,101,28,482,110,2918,449,4161,3971,6.78,7.13,14688,0.743,514205,146022,660227,7940,11
TARA_A200000159,9/23/09 16:52,37.04,1.95,41.7,17.4,18,NA,NA,NA,0.00,0.01,0.03,0.50,29.9,-0.79,0.00,NA,4.92,44,41,NA,NA,NA,3135,483,4786,4585,6.80,7.28,16417,0.750,2580789,156125,2736914,1859,14
TARA_B100001564,3/9/12 10:13,36.16,-29.01,5.4,17.3,36,36.2,232.1,0.3,0.02,0.01,0.02,0.65,20.7,-0.08,0.02,NA,36.94,69,107,36,361,271,2822,423,4021,3877,6.78,7.12,14772,0.742,377257,66886,444143,3569,9
TARA_S200002703,11/16/09 8:06,39.84,17.40,5.5,17.0,9,37.8,220.9,NA,0.07,0.02,0.21,2.03,16.1,-0.64,0.00,NA,7.75,18,56,29,371,NA,NA,NA,NA,NA,NA,NA,NA,NA,534102,68298,602400,2251,NA
TARA_R100000988,9/14/10 9:14,-31.03,4.69,5.4,16.8,187,35.7,231.9,NA,0.25,0.23,1.30,2.60,34.1,-0.25,0.04,0.22,31.83,37,200,56,772,450,NA,NA,NA,NA,NA,NA,NA,NA,439221,192777,631998,18473,NA
TARA_Y100000741,9/14/10 9:14,-31.03,4.69,5.4,16.8,187,35.7,231.9,NA,0.25,0.23,1.30,2.60,34.1,-0.25,0.04,0.22,31.83,37,200,56,772,450,NA,NA,NA,NA,NA,NA,NA,NA,439221,192777,631998,18473,NA
TARA_B100000475,9/14/10 9:14,-31.03,4.69,5.4,16.8,187,35.7,231.9,NA,0.25,0.23,1.30,2.60,34.1,-0.25,0.04,0.22,31.83,37,200,56,772,450,2911,443,4047,3926,6.49,7.18,16906,0.738,439221,192777,631998,18473,10
TARA_Y100000739,9/14/10 9:14,-31.03,4.69,5.4,16.8,187,35.7,231.9,NA,0.25,0.23,1.30,2.60,34.1,-0.25,0.04,0.22,31.83,37,200,56,772,450,NA,NA,NA,NA,NA,NA,NA,NA,439221,192777,631998,18473,NA
TARA_R100000995,9/14/10 9:14,-31.03,4.69,40.3,16.8,187,35.7,231.7,NA,0.29,0.23,1.08,2.44,34.1,-0.25,0.04,0.22,31.83,37,200,56,772,450,NA,NA,NA,NA,NA,NA,NA,NA,549370,226449,775819,15436,NA
TARA_Y100000748,9/14/10 9:14,-31.03,4.69,40.3,16.8,187,35.7,231.7,NA,0.29,0.23,1.08,2.44,34.1,-0.25,0.04,0.22,31.83,37,200,56,772,450,NA,NA,NA,NA,NA,NA,NA,NA,549370,226449,775819,15436,NA
TARA_B100000482,9/14/10 9:14,-31.03,4.69,40.3,16.8,187,35.7,231.7,NA,0.29,0.23,1.08,2.44,34.1,-0.25,0.04,0.22,31.83,37,200,56,772,450,2818,441,3797,3690,6.58,7.17,16121,0.741,549370,226449,775819,15436,9
TARA_Y100000746,9/14/10 9:14,-31.03,4.69,40.3,16.8,187,35.7,231.7,NA,0.29,0.23,1.08,2.44,34.1,-0.25,0.04,0.22,31.83,37,200,56,772,450,NA,NA,NA,NA,NA,NA,NA,NA,549370,226449,775819,15436,NA
TARA_B100001559,3/9/12 18:49,36.19,-28.88,77.6,16.8,36,36.2,228.5,1.6,0.01,0.01,0.05,0.63,18.5,-0.08,0.02,NA,36.94,69,107,36,361,271,3599,536,5286,5034,6.94,7.16,17701,0.732,259770,11716,271485,879,10
TARA_B100001059,3/12/11 20:07,-33.88,-73.05,33.8,16.4,22,34.3,237.2,0.7,0.37,1.07,7.55,0.59,36.4,-0.07,0.04,NA,3.86,32,34,29,144,51,3369,470,5020,4997,6.69,7.37,16672,0.758,1664530,88789,1753319,3890,10
TARA_X000000368,9/15/09 16:45,36.57,-6.54,38.7,16.2,4,36.6,NA,NA,NA,NA,NA,NA,37.6,0.01,0.02,NA,0.00,38,18,NA,NA,NA,3055,451,4174,4030,6.85,7.16,14607,0.747,1226212,56383,1282596,6890,11
TARA_X000001036,9/28/09 13:36,39.07,5.86,55.0,16.2,21,37.8,NA,NA,0.02,0.02,0.08,0.60,26.7,-0.77,0.08,0.69,13.61,53,35,NA,NA,NA,3229,473,4463,4297,6.91,7.15,15318,0.742,781039,19832,800871,2882,11
TARA_X000001382,11/18/09 12:42,42.17,17.72,55.2,15.7,9,38.4,224.3,NA,0.01,0.01,0.05,1.05,8.5,-0.39,0.00,NA,1.89,54,55,32,157,NA,NA,NA,NA,NA,NA,NA,NA,NA,594712,29838,624550,1090,NA
TARA_E500000081,11/18/09 12:42,42.17,17.72,55.2,15.7,9,38.4,224.3,NA,0.01,0.01,0.05,1.05,8.5,-0.39,0.00,NA,1.89,54,55,32,157,NA,2943,441,4076,3974,6.74,7.15,15924,0.739,594712,29838,624550,1090,17
TARA_Y100000034,3/20/10 9:36,18.72,66.36,268.2,15.6,9,35.9,2.3,19.6,2.07,2.64,21.22,38.62,48.6,0.33,0.03,1.63,2.14,35,83,29,555,115,NA,NA,NA,NA,NA,NA,NA,NA,972004,0,972004,0,NA
TARA_Y100000031,3/20/10 9:36,18.72,66.36,268.2,15.6,9,35.9,2.3,19.6,2.07,2.64,21.22,38.62,48.6,0.33,0.03,1.63,2.14,35,83,29,555,115,3024,513,5017,4988,5.49,7.22,17308,0.739,972004,0,972004,0,46
TARA_B100001250,10/5/11 1:55,31.50,-159.06,113.8,15.3,41,34.4,225.5,0.7,0.02,0.13,0.05,4.45,NA,0.03,0.06,NA,1.39,113,52,54,456,276,3385,530,5352,5077,6.56,7.12,17994,0.727,278945,46488,325434,673,10
TARA_E500000305,11/23/09 12:40,39.41,19.38,51.7,15.2,29,38.5,229.5,NA,0.07,0.07,0.15,1.82,13.6,0.18,0.02,NA,1.25,54,38,33,374,NA,NA,NA,NA,NA,NA,NA,NA,NA,NA,NA,NA,NA,NA
TARA_E500000331,11/23/09 12:40,39.41,19.38,51.7,15.2,29,38.5,229.5,NA,0.07,0.07,0.15,1.82,13.6,0.18,0.02,NA,1.25,54,38,33,374,NA,3128,472,4369,4195,6.73,7.13,15774,0.737,NA,NA,NA,NA,14
TARA_R100000900,7/15/10 12:26,-34.94,17.94,5.4,15.0,90,35.3,238.9,2.5,0.30,0.34,3.34,2.74,14.3,0.01,0.05,NA,0.00,22,104,29,433,106,NA,NA,NA,NA,NA,NA,NA,NA,564191,32703,596894,15397,NA
TARA_B000000475,7/15/10 12:26,-34.94,17.94,5.4,15.0,90,35.3,238.9,2.5,0.30,0.34,3.34,2.74,14.3,0.01,0.05,NA,0.00,22,104,29,433,106,2866,417,3801,3672,6.65,7.13,13082,0.752,564191,32703,596894,15397,11
TARA_R100000908,7/15/10 16:32,-34.89,18.07,28.6,15.0,90,35.3,240.4,NA,0.26,0.37,3.23,2.47,13.1,0.01,0.05,NA,0.00,22,104,29,433,106,NA,NA,NA,NA,NA,NA,NA,NA,526353,36479,562832,12356,NA
TARA_B000000477,7/15/10 16:32,-34.89,18.07,28.6,15.0,90,35.3,240.4,NA,0.26,0.37,3.23,2.47,13.1,0.01,0.05,NA,0.00,22,104,29,433,106,2942,432,3902,3806,6.66,7.14,14522,0.745,526353,36479,562832,12356,11
TARA_Y100000296,3/16/10 10:05,19.01,64.57,337.7,15.0,11,36.0,2.4,22.4,0.69,2.64,23.43,38.94,47.7,0.01,0.07,0.16,1.08,32,108,32,487,123,NA,NA,NA,NA,NA,NA,NA,NA,609896,0,609896,0,NA
TARA_Y100000294,3/16/10 10:05,19.01,64.57,337.7,15.0,11,36.0,2.4,22.4,0.69,2.64,23.43,38.94,47.7,0.01,0.07,0.16,1.08,32,108,32,487,123,2840,476,4587,4553,5.77,7.18,16980,0.738,609896,0,609896,0,46
TARA_B100001175,3/20/12 12:20,43.79,-16.89,23.9,14.3,168,36.0,239.4,3.8,0.32,0.17,2.26,1.26,24.8,0.00,0.11,NA,2.83,37,522,29,672,576,3303,484,4734,4525,6.87,7.18,15780,0.743,611238,77339,688577,6069,10
TARA_B100001173,3/19/12 10:42,43.69,-16.85,5.4,14.3,168,36.0,243.1,3.0,0.31,0.16,2.16,1.24,23.8,0.00,0.11,NA,2.83,37,522,29,672,576,3084,460,4331,4177,6.82,7.18,14843,0.748,555269,104028,659297,7551,11
TARA_B100001142,2/2/12 12:02,39.23,-70.03,5.5,14.1,89,35.2,233.9,3.5,0.11,0.35,4.38,2.77,NA,-0.16,0.05,NA,17.22,19,109,695,198,191,3373,483,4571,4398,6.76,7.16,14527,0.747,374730,22789,397520,7749,10
TARA_B100001094,10/19/11 2:53,35.42,-127.69,47.2,13.2,10,33.2,227.7,4.8,0.08,0.46,1.30,2.84,NA,-0.16,0.03,NA,40.67,42,38,29,635,79,3369,501,4939,4774,6.87,7.14,17038,0.733,803786,96011,899797,9392,12
TARA_B100000959,4/16/11 16:09,-12.93,-96.12,175.3,13.0,35,34.8,0.7,21.1,0.03,2.68,23.90,19.60,43.1,-0.02,0.05,0.34,8.97,61,51,52,239,146,3172,505,4805,4686,6.68,7.23,17448,0.740,305319,0,305319,0,26
TARA_R100000951,9/7/10 6:35,-32.23,17.71,5.5,12.8,12,34.8,249.4,0.4,0.17,1.02,7.09,13.88,37.7,0.04,0.14,NA,1.11,10,25,56,101,37,NA,NA,NA,NA,NA,NA,NA,NA,1840174,113647,1953821,46597,NA
TARA_Y100000389,9/7/10 6:35,-32.23,17.71,5.5,12.8,12,34.8,249.4,0.4,0.17,1.02,7.09,13.88,37.7,0.04,0.14,NA,1.11,10,25,56,101,37,NA,NA,NA,NA,NA,NA,NA,NA,1840174,113647,1953821,46597,NA
TARA_B100000497,9/7/10 6:35,-32.23,17.71,5.5,12.8,12,34.8,249.4,0.4,0.17,1.02,7.09,13.88,37.7,0.04,0.14,NA,1.11,10,25,56,101,37,3445,490,4879,4765,6.92,7.23,14423,0.755,1840174,113647,1953821,46597,13
TARA_Y100000385,9/7/10 6:35,-32.23,17.71,5.5,12.8,12,34.8,249.4,0.4,0.17,1.02,7.09,13.88,37.7,0.04,0.14,NA,1.11,10,25,56,101,37,NA,NA,NA,NA,NA,NA,NA,NA,1840174,113647,1953821,46597,NA
TARA_Y100000310,3/13/10 10:55,20.83,63.61,595.1,12.1,7,35.7,1.6,31.8,0.07,2.91,30.52,54.48,40.3,NA,NA,NA,NA,29,22,28,568,100,NA,NA,NA,NA,NA,NA,NA,NA,174925,0,174925,0,NA
TARA_B100000315,3/13/10 10:55,20.83,63.61,595.1,12.1,7,35.7,1.6,31.8,0.07,2.91,30.52,54.48,40.3,NA,NA,NA,NA,29,22,28,568,100,3128,518,5107,5011,5.59,7.21,16833,0.741,174925,0,174925,0,41
TARA_B100000929,5/13/11 19:44,2.07,-84.54,376.4,11.3,9,34.8,2.5,33.9,0.02,2.58,35.30,36.30,51.7,0.01,0.02,2.22,11.36,28,42,28,380,61,3372,531,4999,4927,6.83,7.29,18992,0.740,137487,0,137487,0,18
TARA_B100001167,2/16/12 14:53,34.63,-71.26,633.3,11.0,187,35.4,138.1,21.8,0.00,1.31,20.03,13.24,NA,-2.38,0.08,NA,83.42,46,204,297,610,395,3683,564,6301,6258,6.74,7.15,18701,0.727,78074,0,78074,0,21
TARA_B100000586,6/1/11 18:24,-16.96,-100.66,347.1,10.9,67,34.7,3.2,30.4,0.01,2.73,34.61,26.00,34.4,-0.05,0.00,1.04,69.36,83,80,29,301,248,3033,489,4823,4702,6.67,7.14,17558,0.731,65052,0,65052,0,18
TARA_B100001765,3/1/12 20:06,34.10,-49.78,734.3,10.6,113,35.4,155.2,21.3,0.01,1.36,21.11,11.38,15.2,0.21,0.05,NA,0.00,30,162,29,755,732,3643,555,6109,6074,6.78,7.16,19185,0.726,74179,0,74179,0,24
TARA_B100001079,5/22/11 17:56,-1.87,-84.62,376.9,10.3,22,34.8,1.3,34.6,0.00,2.80,38.10,35.00,46.5,0.02,0.00,0.43,7.03,41,81,29,347,253,4046,599,5912,5609,7.18,7.22,19565,0.731,85282,0,85282,0,18
TARA_B100001179,3/19/12 16:14,43.74,-16.88,791.8,10.2,168,35.5,175.3,18.2,0.01,1.12,18.03,10.38,25.1,0.00,0.11,NA,2.83,37,522,29,672,576,3626,555,6000,6009,6.77,7.21,19541,0.730,83945,0,83945,0,21
TARA_B100002049,1/10/12 16:43,25.63,-88.44,634.8,9.8,142,35.2,108.2,31.9,0.00,1.22,20.25,8.62,NA,-3.49,0.06,NA,43.44,50,151,244,485,271,3709,568,5980,5859,6.84,7.33,20525,0.738,145742,0,145742,0,20
TARA_B100000953,4/22/11 14:16,-5.27,-85.22,475.6,9.2,18,34.7,4.4,40.0,0.01,2.85,39.20,40.60,44.4,0.00,0.04,1.80,3.75,37,36,29,353,41,3108,491,4723,4643,6.68,7.19,17457,0.736,162019,0,162019,0,27
TARA_B100001971,12/3/11 16:31,14.17,-116.66,371.0,8.9,17,34.6,0.6,35.7,0.01,2.95,34.55,46.62,40.5,0.05,0.03,NA,2.67,40,38,29,364,46,3902,632,6924,6801,6.25,7.26,20606,0.731,132720,0,132720,0,32
TARA_B000000460,7/12/10 10:31,-35.23,26.33,842.2,8.4,47,34.7,198.0,NA,NA,NA,NA,NA,10.4,1.83,0.11,0.73,1.08,26,89,416,675,NA,3725,585,6265,6195,6.79,7.21,19527,0.729,43105,0,43105,0,26
TARA_B100002003,12/11/11 22:51,6.37,-103.07,444.9,8.2,24,34.6,0.8,36.9,0.01,3.16,36.22,52.92,33.7,-0.11,0.04,NA,1.61,50,48,28,347,55,3860,602,6404,6338,6.28,7.30,20553,0.735,130743,0,130743,0,36
TARA_B100001013,4/4/11 17:28,-25.82,-111.74,481.1,8.1,53,34.4,155.6,24.6,0.00,2.02,27.29,12.05,45.0,-0.03,0.03,0.36,61.78,176,73,93,484,360,3103,499,4912,4842,6.54,7.10,17162,0.728,54704,0,54704,0,21
TARA_B100000408,7/7/10 13:29,-29.51,37.94,990.8,7.7,71,34.6,193.0,NA,0.00,1.12,15.24,5.89,14.6,0.52,0.08,1.50,1.28,52,161,609,562,424,3640,572,6277,6068,6.79,7.18,19651,0.726,39746,0,39746,0,24
TARA_B100000768,12/6/10 10:25,-47.18,-58.30,5.5,7.3,29,34.0,305.0,17.1,0.15,1.30,18.15,1.82,27.5,-0.01,0.05,1.01,2.92,45,62,60,556,63,2667,377,3890,3745,6.36,7.21,12924,0.761,10639,0,10639,0,10
TARA_Y100001951,7/27/11 23:48,-8.99,-139.23,594.6,7.2,71,34.6,38.1,42.5,0.02,2.43,34.63,22.49,40.5,0.00,0.02,NA,8.42,99,107,29,232,203,NA,NA,NA,NA,NA,NA,NA,NA,89468,0,89468,0,NA
TARA_Y100001949,7/27/11 23:48,-8.99,-139.23,594.6,7.2,71,34.6,38.1,42.5,0.02,2.43,34.63,22.49,40.5,0.00,0.02,NA,8.42,99,107,29,232,203,NA,NA,NA,NA,NA,NA,NA,NA,89468,0,89468,0,NA
TARA_B100000678,7/27/11 23:48,-8.99,-139.23,594.6,7.2,71,34.6,38.1,42.5,0.02,2.43,34.63,22.49,40.5,0.00,0.02,NA,8.42,99,107,29,232,203,4285,630,6483,6292,7.13,7.27,21889,0.727,89468,0,89468,0,23
TARA_Y100001947,7/27/11 23:48,-8.99,-139.23,594.6,7.2,71,34.6,38.1,42.5,0.02,2.43,34.63,22.49,40.5,0.00,0.02,NA,8.42,99,107,29,232,203,NA,NA,NA,NA,NA,NA,NA,NA,89468,0,89468,0,NA
TARA_B100000470,9/13/10 14:13,-31.04,4.64,722.7,7.0,187,34.5,195.2,25.8,0.00,1.53,22.08,12.08,31.3,-0.25,0.04,0.22,31.83,37,200,56,772,450,3396,545,5526,5352,6.92,7.15,17660,0.731,60123,0,60123,0,22
TARA_Y100000758,9/13/10 14:13,-31.04,4.64,722.7,7.0,187,34.5,195.2,25.8,0.00,1.53,22.08,12.08,31.3,-0.25,0.04,0.22,31.83,37,200,56,772,450,NA,NA,NA,NA,NA,NA,NA,NA,60123,0,60123,0,NA
TARA_R100000544,12/6/10 16:37,-47.21,-58.06,41.8,7.0,29,34.1,306.2,17.1,0.14,1.42,19.07,3.08,29.5,-0.01,0.05,1.01,2.92,45,62,60,556,63,NA,NA,NA,NA,NA,NA,NA,NA,445364,0,445364,7963,NA
TARA_B100000767,12/6/10 16:37,-47.21,-58.06,41.8,7.0,29,34.1,306.2,17.1,0.14,1.42,19.07,3.08,29.5,-0.01,0.05,1.01,2.92,45,62,60,556,63,2696,383,3778,3681,6.44,7.18,12940,0.759,445364,0,445364,7963,8
TARA_B100001245,10/5/11 21:53,31.53,-159.02,545.5,6.7,41,34.0,138.7,29.1,0.00,1.22,17.49,22.34,NA,0.03,0.06,NA,1.39,113,52,54,456,276,3656,582,6357,6237,6.83,7.21,19674,0.729,NA,NA,NA,NA,18
TARA_B100000378,6/26/10 7:12,-15.34,43.29,989.6,6.2,80,34.8,88.2,NA,NA,NA,NA,NA,37.6,NA,NA,NA,NA,86,88,32,994,NA,4209,624,6418,6273,6.93,7.37,20380,0.743,29861,0,29861,0,26
TARA_B100000745,11/5/10 12:33,-30.15,-43.29,792.7,5.9,34,34.4,214.8,29.8,0.00,1.95,28.21,13.93,NA,-0.04,0.08,1.91,14.53,113,41,317,409,436,4478,677,7168,7220,6.91,7.17,20751,0.721,220787,0,220787,0,34
TARA_Y100001001,11/5/10 12:33,-30.15,-43.29,792.7,5.9,34,34.4,214.8,29.8,0.00,1.95,28.21,13.93,NA,-0.04,0.08,1.91,14.53,113,41,317,409,436,NA,NA,NA,NA,NA,NA,NA,NA,220787,0,220787,0,NA
TARA_B100000949,6/15/11 22:14,-23.20,-129.64,689.3,5.8,131,34.3,199.2,29.2,0.01,2.15,31.46,20.60,24.5,-0.06,0.03,0.44,17.22,159,155,162,532,431,4077,617,6788,6741,6.72,7.31,20948,0.734,49879,0,49879,0,18
TARA_B100001146,2/2/12 20:29,39.19,-70.08,585.7,5.1,89,35.0,230.2,19.9,0.01,1.47,21.50,13.73,NA,-0.16,0.05,NA,17.22,19,109,695,198,191,4021,618,6973,6923,6.88,7.20,19418,0.729,54937,0,54937,0,26
TARA_B100001105,10/19/11 21:20,35.31,-127.74,644.6,4.9,10,34.3,8.6,44.1,0.00,3.29,44.24,113.32,NA,-0.16,0.03,NA,40.67,42,38,29,635,79,4239,650,7460,7460,6.98,7.17,21208,0.720,NA,NA,NA,NA,25
TARA_B100000749,10/17/10 11:01,-20.95,-35.22,792.8,4.7,34,34.4,192.2,34.6,0.00,0.94,12.08,4.39,NA,0.01,0.02,0.70,3.53,129,154,53,395,395,4037,606,6449,6385,6.89,7.29,21378,0.731,70300,0,70300,0,38
TARA_Y100000815,10/17/10 11:01,-20.95,-35.22,792.8,4.7,34,34.4,192.2,34.6,0.00,0.94,12.08,4.39,NA,0.01,0.02,0.70,3.53,129,154,53,395,395,NA,NA,NA,NA,NA,NA,NA,NA,70300,0,70300,0,NA
TARA_R100001086,10/6/10 9:59,-8.80,-17.91,792.7,4.7,75,34.5,143.2,38.4,0.01,2.62,36.98,34.44,35.9,0.04,0.02,1.02,0.00,97,98,29,270,132,NA,NA,NA,NA,NA,NA,NA,NA,NA,NA,NA,NA,NA
TARA_B100000508,10/6/10 9:59,-8.80,-17.91,792.7,4.7,75,34.5,143.2,38.4,0.01,2.62,36.98,34.44,35.9,0.04,0.02,1.02,0.00,97,98,29,270,132,4548,667,6969,6848,7.03,7.29,21508,0.731,NA,NA,NA,NA,14
TARA_R100001039,9/22/10 10:38,-20.37,-3.22,791.6,4.2,147,34.4,161.7,37.8,0.01,2.52,36.73,44.86,48.8,0.00,0.04,1.33,10.81,54,154,29,239,158,NA,NA,NA,NA,NA,NA,NA,NA,33173,0,33173,0,NA
TARA_Y100000782,9/22/10 10:38,-20.37,-3.22,791.6,4.2,147,34.4,161.7,37.8,0.01,2.52,36.73,44.86,48.8,0.00,0.04,1.33,10.81,54,154,29,239,158,NA,NA,NA,NA,NA,NA,NA,NA,33173,0,33173,0,NA
TARA_B100000446,9/22/10 10:38,-20.37,-3.22,791.6,4.2,147,34.4,161.7,37.8,0.01,2.52,36.73,44.86,48.8,0.00,0.04,1.33,10.81,54,154,29,239,158,3208,508,5062,4886,6.18,7.37,19397,0.747,33173,0,33173,0,11
TARA_Y100000780,9/22/10 10:38,-20.37,-3.22,791.6,4.2,147,34.4,161.7,37.8,0.01,2.52,36.73,44.86,48.8,0.00,0.04,1.33,10.81,54,154,29,239,158,NA,NA,NA,NA,NA,NA,NA,NA,33173,0,33173,0,NA
TARA_B100000780,1/3/11 11:10,-60.23,-60.65,5.9,1.8,42,33.7,338.3,24.4,0.27,1.72,25.30,16.55,36.2,0.16,0.32,0.76,1.83,69,88,55,519,91,2030,297,2876,2792,6.16,7.20,12175,0.766,265149,0,265149,1506,9
TARA_B100000787,1/6/11 10:26,-62.03,-49.54,5.9,0.7,38,34.4,343.4,27.5,0.11,2.11,28.50,79.52,32.4,0.00,0.00,0.22,3.08,49,51,31,427,275,1645,249,2355,2344,5.81,7.15,10111,0.776,411065,0,411065,0,8
TARA_B100000809,1/7/11 11:25,-61.98,-49.45,783.8,0.5,38,34.7,203.8,38.8,0.02,2.61,36.37,83.35,34.2,0.00,0.00,0.22,3.08,49,51,31,427,275,3682,578,6143,6126,6.90,7.15,17413,0.732,17963,0,17963,0,17
TARA_R100001377,1/6/11 20:36,-62.24,-49.18,87.4,-0.8,38,34.3,325.4,33.1,0.06,2.31,31.00,81.82,38.3,0.00,0.00,0.22,3.08,49,51,31,427,275,NA,NA,NA,NA,NA,NA,NA,NA,202364,0,202364,787,NA
TARA_B100000795,1/6/11 20:36,-62.24,-49.18,87.4,-0.8,38,34.3,325.4,33.1,0.06,2.31,31.00,81.82,38.3,0.00,0.00,0.22,3.08,49,51,31,427,275,1823,284,2654,2594,5.87,7.15,10090,0.776,202364,0,202364,787,10
*values indicate mean values based on CTD casts that matched closest in location and depth of the actual sampling locations (table S1),,,,,,,,,,,,,,,,,,,,,,,,,,,,,,,,,,,,
"** note that some values are equal or below the detection limit of 0,02umol/L and should be interpretated as <=0,02umol/L",,,,,,,,,,,,,,,,,,,,,,,,,,,,,,,,,,,,