ksize,stride,n_layers,n_hid,drop_mult,wd,moms,emb_sz,bptt,lrate,bs,accuracy
1,1,3,1152,0.1,0.01,(0.98, 0.9),104,100,0.01,512,0.29136717319488525
1,1,4,576,1.0,0.1,(0.8, 0.7),56,100,0.002,1024,0.24979296326637268
1,1,2,1152,0.1,0.01,(0.9, 0.8),128,125,0.01,512,0.33383482694625854
1,1,4,1152,0.1,0.1,(0.9, 0.8),104,75,0.01,1024,0.21024088561534882
1,1,4,576,1.0,0.001,(0.8, 0.7),128,75,0.01,1024,0.20924913883209229
1,1,3,576,1.0,0.1,(0.98, 0.9),56,75,0.01,512,0.3394574820995331
1,1,2,576,0.1,0.01,(0.9, 0.8),56,100,0.002,512,0.3195008337497711
1,1,3,1152,1.0,0.01,(0.8, 0.7),128,125,0.01,512,0.20733705163002014
1,1,2,576,0.1,0.01,(0.98, 0.9),104,100,0.002,1024,0.3078085780143738
1,1,2,1152,0.1,0.01,(0.9, 0.8),128,100,0.005,512,0.34838759899139404
1,1,4,576,0.1,0.01,(0.98, 0.9),128,100,0.01,512,0.20931856334209442
1,1,4,1152,0.1,0.1,(0.9, 0.8),128,125,0.01,512,0.20733705163002014
1,1,4,576,1.0,0.001,(0.98, 0.9),56,75,0.01,512,0.3240906894207001
1,1,2,1152,1.0,0.01,(0.9, 0.8),104,125,0.005,1024,0.2984062731266022
1,1,3,1152,0.1,0.001,(0.8, 0.7),104,75,0.005,512,0.20722438395023346
1,1,4,1152,1.0,0.001,(0.9, 0.8),128,100,0.005,1024,0.2073691338300705
1,1,4,576,0.1,0.1,(0.98, 0.9),104,75,0.002,512,0.33552733063697815
1,1,2,576,0.1,0.01,(0.8, 0.7),104,100,0.005,1024,0.31062889099121094
1,1,4,1152,0.1,0.1,(0.98, 0.9),56,100,0.002,1024,0.29762107133865356
1,1,4,576,0.1,0.001,(0.9, 0.8),104,100,0.002,512,0.31490883231163025
1,1,3,576,1.0,0.01,(0.9, 0.8),128,75,0.01,1024,0.32027342915534973
1,1,3,1152,1.0,0.001,(0.8, 0.7),56,100,0.01,1024,0.2073691338300705
1,1,2,576,0.1,0.001,(0.9, 0.8),56,100,0.002,1024,0.3111347556114197
1,1,2,1152,0.1,0.001,(0.8, 0.7),56,125,0.005,512,0.31085270643234253
1,1,2,576,0.1,0.01,(0.98, 0.9),128,100,0.01,512,0.3443294167518616
1,1,3,576,0.1,0.01,(0.98, 0.9),56,75,0.01,1024,0.3262760639190674
1,1,3,576,0.1,0.1,(0.8, 0.7),56,100,0.01,1024,0.20737500488758087
1,1,3,1152,0.1,0.1,(0.98, 0.9),128,75,0.005,512,0.35104385018348694
1,1,3,1152,1.0,0.01,(0.98, 0.9),56,125,0.005,1024,0.2883945405483246
1,1,3,576,0.1,0.001,(0.9, 0.8),104,75,0.002,512,0.34675130248069763
1,1,4,1152,0.1,0.001,(0.9, 0.8),128,100,0.002,1024,0.22175781428813934
1,1,4,1152,1.0,0.01,(0.98, 0.9),128,75,0.005,1024,0.20763671398162842
1,1,2,576,1.0,0.1,(0.98, 0.9),104,125,0.01,512,0.31611162424087524
1,1,4,1152,0.1,0.01,(0.8, 0.7),128,100,0.01,512,0.2169053852558136
1,1,2,1152,1.0,0.001,(0.98, 0.9),128,75,0.005,512,0.3438086211681366
1,1,4,1152,1.0,0.01,(0.98, 0.9),104,100,0.01,512,0.20931856334209442
1,1,4,576,0.1,0.1,(0.9, 0.8),104,75,0.01,1024,0.20743924379348755
1,1,2,576,1.0,0.1,(0.98, 0.9),104,125,0.01,1024,0.26393556594848633
1,1,2,576,1.0,0.1,(0.9, 0.8),104,75,0.002,1024,0.3085915744304657
1,1,3,1152,1.0,0.001,(0.9, 0.8),56,75,0.01,512,0.3308463394641876
1,1,4,1152,1.0,0.001,(0.98, 0.9),128,125,0.002,512,0.3111339211463928
1,1,4,576,1.0,0.001,(0.98, 0.9),128,100,0.002,512,0.30921873450279236
1,1,3,1152,0.1,0.001,(0.98, 0.9),56,75,0.002,1024,0.2995269000530243
1,1,3,1152,0.1,0.01,(0.9, 0.8),104,125,0.01,1024,0.20916017889976501
1,1,4,576,1.0,0.001,(0.8, 0.7),56,125,0.002,1024,0.28929299116134644
1,1,4,1152,0.1,0.1,(0.8, 0.7),128,100,0.01,512,0.20726127922534943
1,1,3,576,1.0,0.01,(0.9, 0.8),56,125,0.01,512,0.33007141947746277
1,1,3,576,0.1,0.001,(0.98, 0.9),56,75,0.01,1024,0.3336068093776703
1,1,3,1152,0.1,0.1,(0.8, 0.7),128,75,0.002,1024,0.31647351384162903
1,1,4,1152,1.0,0.01,(0.98, 0.9),128,125,0.002,1024,0.2970527410507202
1,1,4,1152,1.0,0.01,(0.98, 0.9),104,75,0.002,512,0.33326172828674316
1,1,4,1152,0.1,0.1,(0.8, 0.7),56,100,0.002,512,0.20722439885139465
1,1,4,576,1.0,0.01,(0.9, 0.8),128,125,0.005,1024,0.20924024283885956
1,1,2,1152,0.1,0.001,(0.8, 0.7),56,100,0.002,1024,0.30244916677474976
1,1,4,576,0.1,0.1,(0.9, 0.8),128,100,0.01,1024,0.2073691338300705
1,1,4,1152,0.1,0.1,(0.8, 0.7),104,125,0.01,1024,0.2875586152076721
1,1,3,1152,1.0,0.1,(0.98, 0.9),128,125,0.01,1024,0.27119338512420654
1,1,2,1152,0.1,0.001,(0.9, 0.8),128,125,0.01,512,0.3444129526615143
1,1,2,1152,1.0,0.001,(0.9, 0.8),56,125,0.01,512,0.3389129638671875
1,1,2,576,1.0,0.001,(0.9, 0.8),128,125,0.005,512,0.33883926272392273
1,1,2,1152,1.0,0.001,(0.8, 0.7),104,100,0.01,512,0.3416232764720917
1,1,3,1152,0.1,0.1,(0.8, 0.7),56,75,0.002,1024,0.24190755188465118
1,1,4,576,1.0,0.1,(0.98, 0.9),104,125,0.01,512,0.20732365548610687
1,1,4,1152,0.1,0.01,(0.9, 0.8),104,100,0.002,512,0.20931856334209442
1,1,3,1152,0.1,0.01,(0.9, 0.8),56,75,0.005,512,0.22128254175186157
1,1,2,576,0.1,0.01,(0.8, 0.7),128,100,0.005,512,0.3462022542953491
1,1,3,576,0.1,0.001,(0.98, 0.9),104,100,0.005,512,0.3357096314430237
1,1,2,576,0.1,0.001,(0.8, 0.7),128,100,0.01,512,0.3479882478713989
1,1,2,576,1.0,0.001,(0.8, 0.7),128,75,0.002,1024,0.3119184076786041
1,1,4,576,1.0,0.001,(0.98, 0.9),56,125,0.01,1024,0.20916017889976501
1,1,3,1152,1.0,0.1,(0.8, 0.7),56,125,0.005,1024,0.28827735781669617
1,1,3,576,0.1,0.1,(0.8, 0.7),128,75,0.002,1024,0.3090212941169739
1,1,2,576,0.1,0.1,(0.9, 0.8),104,75,0.005,1024,0.31307727098464966
1,1,2,1152,1.0,0.1,(0.98, 0.9),128,100,0.005,512,0.34180986881256104
1,1,3,1152,1.0,0.01,(0.98, 0.9),128,100,0.002,1024,0.3089609146118164
1,1,3,576,0.1,0.1,(0.8, 0.7),128,75,0.005,512,0.34995225071907043
1,1,3,1152,1.0,0.001,(0.98, 0.9),128,100,0.002,512,0.32527127861976624
1,1,3,1152,0.1,0.1,(0.8, 0.7),128,75,0.01,512,0.2071961760520935
1,1,2,1152,0.1,0.1,(0.8, 0.7),104,125,0.005,1024,0.24529102444648743
1,1,2,1152,1.0,0.01,(0.9, 0.8),56,100,0.01,1024,0.30979296565055847
1,1,3,576,1.0,0.1,(0.9, 0.8),104,100,0.005,1024,0.3130136728286743
1,1,3,1152,1.0,0.1,(0.8, 0.7),128,125,0.005,512,0.20733705163002014
1,1,3,576,1.0,0.01,(0.8, 0.7),128,100,0.002,1024,0.30857419967651367
1,1,4,1152,0.1,0.01,(0.98, 0.9),128,100,0.002,1024,0.22278709709644318
1,1,4,1152,0.1,0.001,(0.9, 0.8),56,100,0.005,1024,0.20916016399860382
1,1,4,1152,0.1,0.001,(0.9, 0.8),104,100,0.002,512,0.20911023020744324
1,1,3,1152,1.0,0.1,(0.8, 0.7),104,125,0.005,1024,0.2139296978712082
1,1,3,1152,0.1,0.01,(0.8, 0.7),104,125,0.005,512,0.20733705163002014
1,1,4,576,0.1,0.1,(0.8, 0.7),56,100,0.01,512,0.20931856334209442
1,1,3,576,1.0,0.1,(0.98, 0.9),128,75,0.01,512,0.3466905355453491
1,1,4,1152,1.0,0.001,(0.9, 0.8),104,75,0.002,512,0.29940539598464966
1,1,2,1152,1.0,0.1,(0.8, 0.7),104,100,0.01,1024,0.3145390450954437
1,1,2,1152,0.1,0.1,(0.9, 0.8),104,100,0.002,512,0.32702261209487915
1,1,3,1152,1.0,0.1,(0.8, 0.7),128,125,0.01,512,0.20733705163002014
1,1,2,576,1.0,0.01,(0.8, 0.7),56,100,0.002,1024,0.30040037631988525
1,1,4,576,1.0,0.001,(0.9, 0.8),128,75,0.01,1024,0.2087174654006958
1,1,4,1152,1.0,0.01,(0.9, 0.8),56,75,0.005,512,0.20931857824325562
1,1,3,1152,1.0,0.01,(0.8, 0.7),104,125,0.002,1024,0.3049277365207672
1,1,2,1152,0.1,0.001,(0.9, 0.8),104,75,0.01,1024,0.3290907144546509
1,1,2,576,0.1,0.1,(0.9, 0.8),128,100,0.005,512,0.3446310758590698
1,1,2,576,0.1,0.001,(0.98, 0.9),128,100,0.002,1024,0.30879101157188416
1,1,3,1152,0.1,0.01,(0.98, 0.9),128,75,0.005,1024,0.2093641310930252
1,1,3,576,0.1,0.01,(0.9, 0.8),56,75,0.005,1024,0.28756076097488403
1,1,3,576,1.0,0.001,(0.9, 0.8),104,75,0.01,512,0.31800565123558044
1,1,3,576,0.1,0.01,(0.8, 0.7),128,125,0.005,512,0.33820536732673645
1,1,4,576,0.1,0.001,(0.98, 0.9),104,75,0.01,1024,0.20743274688720703
1,1,3,576,0.1,0.001,(0.98, 0.9),104,75,0.01,512,0.3506554067134857
1,1,4,1152,1.0,0.1,(0.98, 0.9),56,125,0.01,512,0.20733705163002014
1,1,3,1152,1.0,0.1,(0.9, 0.8),104,125,0.002,512,0.31232813000679016
1,1,4,576,1.0,0.001,(0.9, 0.8),128,75,0.01,512,0.2093164175748825
1,1,3,1152,0.1,0.01,(0.9, 0.8),56,100,0.005,1024,0.2073710858821869
1,1,4,576,0.1,0.001,(0.98, 0.9),104,75,0.005,1024,0.3081141710281372
1,1,3,576,0.1,0.001,(0.8, 0.7),56,75,0.002,512,0.3099457621574402
1,1,3,1152,1.0,0.001,(0.98, 0.9),56,100,0.01,512,0.25692492723464966
1,1,3,576,1.0,0.01,(0.8, 0.7),56,125,0.01,512,0.32604020833969116
1,1,3,576,0.1,0.001,(0.8, 0.7),104,100,0.002,1024,0.3073105216026306
1,1,2,1152,0.1,0.001,(0.98, 0.9),104,125,0.01,512,0.347975492477417
1,1,4,1152,1.0,0.001,(0.98, 0.9),128,125,0.01,1024,0.2073691487312317
1,1,4,1152,1.0,0.01,(0.8, 0.7),128,75,0.01,1024,0.20937283337116241
1,1,3,576,1.0,0.001,(0.9, 0.8),104,75,0.002,512,0.33695530891418457
1,1,4,576,0.1,0.001,(0.9, 0.8),128,75,0.01,512,0.20939022302627563
1,1,4,1152,1.0,0.01,(0.8, 0.7),56,125,0.002,512,0.3012678623199463
1,1,3,576,0.1,0.001,(0.98, 0.9),128,125,0.01,1024,0.2926269769668579
1,1,2,1152,0.1,0.1,(0.8, 0.7),104,100,0.005,1024,0.2076757848262787
1,1,3,1152,0.1,0.1,(0.9, 0.8),128,125,0.005,512,0.21729464828968048
1,1,4,1152,0.1,0.01,(0.8, 0.7),128,75,0.01,512,0.20723091065883636
1,1,4,1152,1.0,0.1,(0.8, 0.7),104,125,0.01,512,0.20733928680419922
1,1,3,576,1.0,0.1,(0.8, 0.7),128,100,0.01,512,0.33217230439186096
1,1,3,1152,1.0,0.001,(0.9, 0.8),56,125,0.01,512,0.3379129469394684
1,1,2,1152,0.1,0.01,(0.9, 0.8),104,100,0.002,512,0.3402669131755829
1,1,2,1152,1.0,0.01,(0.98, 0.9),56,75,0.002,1024,0.3086501657962799
1,1,3,1152,0.1,0.01,(0.98, 0.9),104,100,0.01,512,0.34013885259628296
1,1,4,576,1.0,0.001,(0.9, 0.8),104,125,0.002,512,0.31152233481407166
1,1,4,576,0.1,0.01,(0.98, 0.9),56,75,0.005,512,0.2095290869474411
1,1,2,1152,0.1,0.001,(0.98, 0.9),128,125,0.005,1024,0.31590431928634644
1,1,3,576,0.1,0.001,(0.98, 0.9),128,75,0.01,1024,0.332293838262558
1,1,3,1152,1.0,0.1,(0.8, 0.7),56,75,0.002,1024,0.2813758850097656
1,1,2,1152,1.0,0.001,(0.8, 0.7),128,75,0.002,1024,0.3135742247104645
1,1,4,1152,0.1,0.01,(0.8, 0.7),128,125,0.01,512,0.20928128063678741
1,1,3,1152,0.1,0.001,(0.98, 0.9),104,75,0.002,1024,0.3254101574420929
1,1,3,576,0.1,0.01,(0.98, 0.9),104,100,0.002,512,0.33716145157814026
1,1,2,1152,0.1,0.001,(0.9, 0.8),128,75,0.01,512,0.35089409351348877
1,1,4,576,1.0,0.001,(0.8, 0.7),56,75,0.002,1024,0.29928603768348694
1,1,4,1152,1.0,0.01,(0.9, 0.8),104,100,0.002,512,0.20722439885139465
1,1,4,1152,1.0,0.01,(0.98, 0.9),128,125,0.01,1024,0.20957227051258087
1,1,3,1152,0.1,0.1,(0.8, 0.7),56,125,0.002,1024,0.23426367342472076
1,1,2,576,1.0,0.001,(0.9, 0.8),56,100,0.002,1024,0.2953554689884186
1,1,2,1152,0.1,0.01,(0.98, 0.9),56,100,0.01,1024,0.25331640243530273
1,1,2,576,0.1,0.001,(0.98, 0.9),128,125,0.002,512,0.3174419701099396
1,1,4,1152,1.0,0.001,(0.9, 0.8),128,75,0.01,512,0.20722438395023346
1,1,4,1152,0.1,0.001,(0.98, 0.9),104,100,0.01,512,0.20835068821907043
1,1,2,1152,1.0,0.1,(0.98, 0.9),128,125,0.002,1024,0.3116054832935333
1,1,4,576,0.1,0.001,(0.98, 0.9),56,125,0.005,512,0.20722992718219757
1,1,2,1152,1.0,0.001,(0.8, 0.7),104,75,0.002,512,0.3402951657772064
1,1,3,576,1.0,0.01,(0.98, 0.9),104,125,0.01,512,0.3404531478881836
1,1,3,576,0.1,0.01,(0.98, 0.9),128,125,0.01,512,0.33405137062072754
1,1,3,1152,1.0,0.1,(0.98, 0.9),128,125,0.005,1024,0.20772656798362732
1,1,3,1152,0.1,0.01,(0.98, 0.9),128,100,0.005,1024,0.22599999606609344
1,1,2,576,1.0,0.1,(0.98, 0.9),104,75,0.01,1024,0.3336198031902313
1,1,4,576,0.1,0.1,(0.9, 0.8),128,125,0.01,512,0.23152010142803192
1,1,3,576,1.0,0.01,(0.98, 0.9),104,125,0.01,1024,0.2550371289253235
1,1,2,576,0.1,0.1,(0.8, 0.7),56,125,0.01,512,0.3274531364440918
1,1,2,1152,1.0,0.001,(0.98, 0.9),128,75,0.005,512,0.34528648853302
1,1,4,1152,0.1,0.001,(0.98, 0.9),56,100,0.01,512,0.20931856334209442
1,1,4,576,1.0,0.1,(0.98, 0.9),56,100,0.01,1024,0.2073691338300705
1,1,3,576,1.0,0.001,(0.8, 0.7),128,75,0.01,512,0.34811413288116455
1,1,2,1152,1.0,0.001,(0.98, 0.9),128,75,0.005,512,0.34398654103279114
1,1,2,576,0.1,0.1,(0.8, 0.7),104,125,0.01,512,0.33442410826683044
1,1,3,1152,1.0,0.001,(0.9, 0.8),128,75,0.002,512,0.34534943103790283
1,1,2,576,0.1,0.001,(0.8, 0.7),56,75,0.005,512,0.34893012046813965
1,1,2,576,0.1,0.01,(0.9, 0.8),56,100,0.002,512,0.31192272901535034
1,1,2,576,0.1,0.1,(0.8, 0.7),104,125,0.002,512,0.312540203332901
1,1,4,576,0.1,0.1,(0.98, 0.9),104,100,0.01,1024,0.2882773280143738
1,1,3,1152,0.1,0.1,(0.8, 0.7),56,75,0.005,1024,0.2223307490348816
1,1,3,1152,0.1,0.001,(0.98, 0.9),128,100,0.01,512,0.3481380343437195
1,1,4,1152,0.1,0.1,(0.98, 0.9),56,125,0.005,1024,0.2073691487312317
1,1,2,1152,1.0,0.01,(0.98, 0.9),128,75,0.01,1024,0.32886284589767456
1,1,3,576,1.0,0.001,(0.9, 0.8),104,100,0.01,512,0.20722004771232605
1,1,2,576,0.1,0.001,(0.8, 0.7),128,75,0.01,1024,0.31465497612953186
1,1,3,1152,0.1,0.001,(0.98, 0.9),104,75,0.005,1024,0.33341145515441895
1,1,4,576,1.0,0.1,(0.98, 0.9),104,100,0.002,1024,0.3008984327316284
1,1,2,1152,0.1,0.01,(0.9, 0.8),128,125,0.01,512,0.34380802512168884
1,1,3,1152,1.0,0.001,(0.9, 0.8),104,100,0.01,1024,0.2914453148841858
1,1,2,576,0.1,0.1,(0.9, 0.8),128,100,0.002,1024,0.30971091985702515
1,1,2,1152,0.1,0.001,(0.98, 0.9),56,100,0.01,1024,0.20916016399860382
1,1,4,1152,0.1,0.01,(0.9, 0.8),128,125,0.002,512,0.33369868993759155
1,1,4,576,1.0,0.1,(0.98, 0.9),104,125,0.01,512,0.22754018008708954
1,1,2,576,1.0,0.001,(0.98, 0.9),56,100,0.005,512,0.33264970779418945
1,1,2,576,1.0,0.01,(0.8, 0.7),56,125,0.01,1024,0.29950976371765137
1,1,3,1152,0.1,0.01,(0.8, 0.7),128,100,0.01,1024,0.2073691338300705
1,1,2,1152,1.0,0.01,(0.9, 0.8),104,125,0.005,1024,0.3122519850730896
1,1,2,1152,0.1,0.01,(0.98, 0.9),128,75,0.005,512,0.34877824783325195
1,1,3,1152,1.0,0.01,(0.98, 0.9),128,100,0.005,1024,0.20919334888458252
1,1,3,1152,0.1,0.01,(0.8, 0.7),128,100,0.01,512,0.20722439885139465
1,1,4,1152,0.1,0.01,(0.98, 0.9),104,100,0.005,1024,0.22092969715595245
1,1,2,576,0.1,0.001,(0.9, 0.8),128,100,0.005,512,0.3470073938369751
1,1,3,576,0.1,0.1,(0.9, 0.8),56,100,0.005,512,0.33613497018814087
1,1,2,1152,0.1,0.001,(0.98, 0.9),128,100,0.01,1024,0.311160147190094
1,1,3,1152,0.1,0.01,(0.98, 0.9),56,75,0.002,1024,0.30716797709465027
1,1,4,576,0.1,0.1,(0.98, 0.9),128,100,0.002,512,0.31041231751441956
1,1,4,1152,0.1,0.001,(0.8, 0.7),104,125,0.005,512,0.20733705163002014
1,1,4,576,1.0,0.01,(0.98, 0.9),56,125,0.002,512,0.3073951303958893
1,1,2,1152,1.0,0.01,(0.8, 0.7),104,125,0.01,512,0.23780134320259094
1,1,4,576,0.1,0.01,(0.8, 0.7),128,75,0.01,512,0.20931857824325562
1,1,3,576,0.1,0.1,(0.8, 0.7),128,75,0.002,1024,0.3095073997974396
1,1,4,576,0.1,0.01,(0.9, 0.8),128,75,0.01,1024,0.20743274688720703
1,1,4,576,1.0,0.1,(0.8, 0.7),104,75,0.01,1024,0.20743055641651154
1,1,4,1152,1.0,0.01,(0.9, 0.8),128,75,0.01,1024,0.20743274688720703
1,1,4,1152,0.1,0.1,(0.98, 0.9),128,125,0.002,1024,0.288875013589859
1,1,3,1152,0.1,0.1,(0.9, 0.8),128,75,0.005,512,0.3495117425918579
1,1,4,1152,1.0,0.001,(0.8, 0.7),128,100,0.01,1024,0.20737305283546448
1,1,4,576,1.0,0.01,(0.98, 0.9),56,75,0.01,1024,0.2092469483613968
1,1,3,576,0.1,0.01,(0.8, 0.7),128,100,0.005,1024,0.310496062040329
1,1,4,1152,1.0,0.01,(0.9, 0.8),56,125,0.002,512,0.20733705163002014
1,1,4,576,1.0,0.01,(0.9, 0.8),104,75,0.005,512,0.30367186665534973
1,1,4,1152,0.1,0.001,(0.8, 0.7),56,100,0.01,512,0.20929904282093048
1,1,2,1152,1.0,0.1,(0.98, 0.9),128,100,0.005,1024,0.317990243434906
1,1,2,1152,1.0,0.1,(0.98, 0.9),128,125,0.01,512,0.3266986906528473
1,1,3,576,1.0,0.01,(0.9, 0.8),56,100,0.002,512,0.3126779794692993
1,1,3,1152,1.0,0.01,(0.98, 0.9),128,100,0.01,512,0.2692599892616272
1,1,4,576,0.1,0.001,(0.98, 0.9),128,100,0.002,512,0.32024306058883667
1,1,4,1152,0.1,0.1,(0.98, 0.9),104,75,0.005,1024,0.2092534750699997
1,1,2,1152,0.1,0.01,(0.98, 0.9),104,100,0.002,1024,0.31061914563179016
1,1,4,576,0.1,0.1,(0.98, 0.9),104,75,0.01,1024,0.2677213251590729
1,1,3,576,1.0,0.01,(0.98, 0.9),128,75,0.01,1024,0.3103233575820923
1,1,3,576,0.1,0.001,(0.8, 0.7),56,125,0.005,1024,0.2835937440395355
1,1,4,1152,1.0,0.1,(0.8, 0.7),56,75,0.005,512,0.20722438395023346
1,1,3,1152,1.0,0.1,(0.9, 0.8),104,125,0.005,512,0.34300002455711365
1,1,3,576,0.1,0.1,(0.8, 0.7),104,100,0.01,512,0.20722439885139465
1,1,4,576,1.0,0.01,(0.9, 0.8),104,100,0.005,512,0.20932942628860474
1,1,2,576,0.1,0.001,(0.9, 0.8),128,100,0.01,1024,0.3273613154888153
1,1,3,1152,1.0,0.1,(0.9, 0.8),128,125,0.005,512,0.2073504477739334
1,1,2,1152,1.0,0.1,(0.98, 0.9),56,100,0.002,512,0.31133463978767395
1,1,3,576,1.0,0.01,(0.9, 0.8),56,100,0.002,1024,0.29734960198402405
1,1,3,576,1.0,0.001,(0.8, 0.7),104,125,0.01,512,0.3164442181587219
1,1,4,1152,0.1,0.1,(0.9, 0.8),104,75,0.005,1024,0.2092534750699997
1,1,3,576,0.1,0.001,(0.8, 0.7),56,100,0.005,512,0.22392360866069794
1,1,3,1152,1.0,0.001,(0.98, 0.9),56,125,0.01,512,0.2365557998418808
1,1,2,576,1.0,0.1,(0.8, 0.7),104,100,0.005,1024,0.3116503953933716
1,1,4,576,1.0,0.1,(0.9, 0.8),128,75,0.005,512,0.3431532382965088
1,1,4,576,1.0,0.001,(0.9, 0.8),128,75,0.002,1024,0.2991059124469757
1,1,3,576,0.1,0.1,(0.9, 0.8),56,75,0.005,512,0.3479318618774414
1,1,3,576,1.0,0.001,(0.8, 0.7),128,125,0.005,512,0.3352746069431305
1,1,3,1152,1.0,0.1,(0.98, 0.9),56,75,0.002,1024,0.30435118079185486
1,1,3,1152,1.0,0.001,(0.9, 0.8),104,75,0.01,512,0.20710937678813934
1,1,4,576,1.0,0.001,(0.98, 0.9),56,125,0.002,512,0.3049955368041992
1,1,3,576,1.0,0.1,(0.8, 0.7),56,75,0.002,512,0.3221180737018585
1,1,4,1152,0.1,0.001,(0.9, 0.8),104,100,0.01,1024,0.2073691338300705
1,1,3,576,0.1,0.001,(0.98, 0.9),104,75,0.01,1024,0.3376779556274414
1,1,2,576,1.0,0.1,(0.8, 0.7),56,75,0.01,1024,0.3266145884990692
1,1,2,576,0.1,0.001,(0.98, 0.9),128,125,0.005,512,0.3361227810382843
1,1,3,1152,1.0,0.1,(0.9, 0.8),104,125,0.005,512,0.33668532967567444
1,1,3,1152,1.0,0.001,(0.98, 0.9),128,100,0.01,1024,0.27274999022483826
1,1,2,576,1.0,0.001,(0.98, 0.9),104,100,0.005,512,0.3372005224227905
1,1,4,576,0.1,0.01,(0.9, 0.8),104,75,0.002,512,0.345531702041626
1,1,3,1152,0.1,0.01,(0.98, 0.9),128,125,0.01,1024,0.20753321051597595
1,1,3,1152,0.1,0.01,(0.98, 0.9),56,100,0.002,1024,0.235169917345047
1,1,4,576,0.1,0.001,(0.98, 0.9),128,100,0.005,1024,0.2073691338300705
1,1,4,1152,1.0,0.01,(0.9, 0.8),128,75,0.002,512,0.2093706578016281
1,1,3,576,0.1,0.1,(0.9, 0.8),56,100,0.01,1024,0.28584176301956177
1,1,3,1152,0.1,0.01,(0.9, 0.8),128,100,0.005,512,0.3483680486679077
1,1,4,576,1.0,0.001,(0.98, 0.9),104,125,0.005,512,0.30411383509635925
1,1,3,576,1.0,0.1,(0.8, 0.7),104,75,0.002,1024,0.30916884541511536
1,1,4,576,0.1,0.001,(0.9, 0.8),104,100,0.005,512,0.20722657442092896
1,1,4,576,0.1,0.1,(0.98, 0.9),104,100,0.005,1024,0.20923633873462677
1,1,3,1152,0.1,0.001,(0.98, 0.9),56,100,0.002,512,0.31520184874534607
1,1,4,576,0.1,0.1,(0.98, 0.9),56,100,0.002,1024,0.3005136549472809
1,1,4,1152,0.1,0.01,(0.9, 0.8),128,125,0.005,1024,0.2073691487312317
1,1,3,576,1.0,0.1,(0.98, 0.9),56,125,0.01,512,0.32921430468559265
1,1,3,1152,1.0,0.001,(0.9, 0.8),56,75,0.01,512,0.33628037571907043
1,1,2,1152,0.1,0.1,(0.8, 0.7),56,100,0.002,1024,0.30623242259025574
1,1,4,576,1.0,0.1,(0.8, 0.7),128,100,0.005,1024,0.2073632776737213
1,1,3,1152,0.1,0.01,(0.9, 0.8),56,75,0.002,1024,0.3070638179779053
1,1,2,1152,0.1,0.01,(0.98, 0.9),128,75,0.002,512,0.34758469462394714
1,1,4,576,1.0,0.001,(0.8, 0.7),56,75,0.002,512,0.3147678077220917
1,1,4,1152,0.1,0.001,(0.9, 0.8),104,125,0.005,512,0.2637835144996643
1,1,4,576,1.0,0.1,(0.8, 0.7),104,100,0.01,1024,0.20916016399860382
1,1,4,1152,1.0,0.001,(0.8, 0.7),128,75,0.002,512,0.2093077301979065
1,1,2,576,0.1,0.001,(0.8, 0.7),104,125,0.002,512,0.3140402138233185
1,1,2,576,0.1,0.1,(0.98, 0.9),104,125,0.005,1024,0.30598437786102295
1,1,4,1152,0.1,0.001,(0.9, 0.8),128,75,0.005,1024,0.20743274688720703
1,1,2,1152,1.0,0.01,(0.9, 0.8),128,125,0.002,512,0.3151741027832031
1,1,2,576,1.0,0.1,(0.8, 0.7),56,100,0.01,512,0.33282768726348877
1,1,4,1152,1.0,0.001,(0.8, 0.7),104,125,0.002,1024,0.30079489946365356
1,1,2,1152,1.0,0.01,(0.8, 0.7),56,100,0.01,1024,0.3051132559776306
1,1,3,576,0.1,0.1,(0.98, 0.9),104,100,0.002,1024,0.3067362904548645
1,1,3,1152,1.0,0.001,(0.9, 0.8),104,75,0.01,1024,0.26656031608581543
1,1,3,1152,0.1,0.1,(0.98, 0.9),104,75,0.002,512,0.3480338752269745
1,1,4,576,0.1,0.1,(0.9, 0.8),104,125,0.01,512,0.20733705163002014
1,1,3,576,0.1,0.01,(0.8, 0.7),56,125,0.01,512,0.20928573608398438
1,1,4,1152,1.0,0.1,(0.8, 0.7),56,125,0.005,512,0.2073415219783783
1,1,3,1152,0.1,0.001,(0.9, 0.8),128,125,0.005,1024,0.2410000115633011
1,1,3,576,0.1,0.001,(0.9, 0.8),56,100,0.002,512,0.31224390864372253
1,1,2,576,0.1,0.01,(0.98, 0.9),56,75,0.01,1024,0.3141167461872101
1,1,2,576,0.1,0.01,(0.9, 0.8),104,125,0.002,512,0.32089510560035706
1,1,4,1152,0.1,0.001,(0.98, 0.9),128,75,0.002,512,0.21789278090000153
1,1,4,1152,1.0,0.001,(0.8, 0.7),128,75,0.01,1024,0.20742405951023102
1,1,3,576,1.0,0.1,(0.9, 0.8),56,125,0.01,1024,0.20750978589057922
1,1,2,1152,0.1,0.01,(0.98, 0.9),56,100,0.005,1024,0.310734361410141
1,1,3,1152,0.1,0.1,(0.8, 0.7),56,75,0.002,512,0.20722438395023346
1,1,3,1152,1.0,0.01,(0.98, 0.9),104,100,0.01,512,0.22730033099651337
1,1,4,576,0.1,0.01,(0.8, 0.7),104,75,0.005,1024,0.20743274688720703
1,1,3,576,1.0,0.001,(0.98, 0.9),128,100,0.002,512,0.3148784637451172
1,1,2,1152,0.1,0.01,(0.98, 0.9),104,125,0.005,512,0.33668527007102966
1,1,4,576,0.1,0.001,(0.98, 0.9),104,75,0.01,1024,0.3274804949760437
1,1,2,576,1.0,0.001,(0.9, 0.8),104,125,0.01,1024,0.3182617425918579
1,1,4,1152,1.0,0.01,(0.9, 0.8),56,125,0.005,1024,0.20916017889976501
1,1,3,1152,0.1,0.001,(0.98, 0.9),128,100,0.002,1024,0.30836719274520874
1,1,2,1152,1.0,0.001,(0.98, 0.9),56,75,0.002,1024,0.3044726550579071
1,1,2,1152,1.0,0.1,(0.9, 0.8),128,100,0.002,512,0.32922959327697754
1,1,2,576,0.1,0.01,(0.98, 0.9),104,75,0.002,512,0.33959636092185974
1,1,3,1152,1.0,0.01,(0.8, 0.7),128,100,0.01,512,0.28881725668907166
1,1,3,576,1.0,0.001,(0.9, 0.8),128,75,0.005,1024,0.31328341364860535
1,1,4,576,0.1,0.001,(0.8, 0.7),104,125,0.002,512,0.3032054007053375
1,1,4,1152,0.1,0.01,(0.8, 0.7),128,125,0.002,512,0.2092834711074829
1,1,2,576,1.0,0.001,(0.9, 0.8),128,125,0.002,512,0.31647324562072754
1,1,3,1152,1.0,0.001,(0.98, 0.9),104,100,0.005,512,0.3460372984409332
1,1,2,1152,0.1,0.1,(0.98, 0.9),104,125,0.002,512,0.32045313715934753
1,1,2,576,1.0,0.01,(0.9, 0.8),104,75,0.002,512,0.3335200250148773
1,1,2,576,1.0,0.001,(0.8, 0.7),56,75,0.002,512,0.31747180223464966
1,1,4,1152,1.0,0.001,(0.8, 0.7),104,100,0.01,512,0.20786891877651215
1,1,2,1152,0.1,0.01,(0.9, 0.8),128,100,0.01,1024,0.3160820007324219
1,1,2,1152,0.1,0.1,(0.9, 0.8),128,125,0.002,1024,0.28297266364097595
1,1,2,576,1.0,0.001,(0.9, 0.8),56,100,0.002,1024,0.31046873331069946
1,1,2,1152,1.0,0.1,(0.9, 0.8),128,125,0.01,512,0.3387767970561981
1,1,4,576,0.1,0.001,(0.98, 0.9),56,125,0.01,512,0.2966897189617157
1,1,4,1152,1.0,0.01,(0.8, 0.7),128,100,0.005,1024,0.20798632502555847
1,1,4,1152,0.1,0.01,(0.9, 0.8),104,75,0.005,1024,0.2391471415758133
1,1,2,1152,1.0,0.01,(0.8, 0.7),104,75,0.002,1024,0.31198135018348694
1,1,4,576,0.1,0.01,(0.8, 0.7),56,100,0.002,512,0.31203338503837585
1,1,4,1152,1.0,0.01,(0.98, 0.9),56,75,0.005,1024,0.20928819477558136
1,1,4,576,1.0,0.1,(0.9, 0.8),128,125,0.01,1024,0.29730862379074097
1,1,2,1152,1.0,0.001,(0.9, 0.8),104,100,0.01,512,0.3399044871330261
1,1,3,1152,0.1,0.001,(0.8, 0.7),128,75,0.01,512,0.20722438395023346
1,1,3,576,0.1,0.001,(0.8, 0.7),128,100,0.002,1024,0.3090761601924896
1,1,2,576,0.1,0.1,(0.98, 0.9),56,75,0.01,1024,0.31838759779930115
1,1,3,1152,0.1,0.001,(0.9, 0.8),56,100,0.002,512,0.3336023986339569
1,1,3,576,0.1,0.1,(0.9, 0.8),104,100,0.002,1024,0.3100664019584656
1,1,3,576,0.1,0.001,(0.98, 0.9),56,75,0.002,1024,0.30841144919395447
1,1,3,576,1.0,0.01,(0.98, 0.9),128,75,0.002,1024,0.30786022543907166
1,1,4,576,0.1,0.1,(0.9, 0.8),56,100,0.002,512,0.30904731154441833
1,1,3,576,0.1,0.01,(0.9, 0.8),56,100,0.01,1024,0.27759766578674316
1,1,4,576,1.0,0.1,(0.9, 0.8),128,125,0.002,512,0.30689510703086853
1,1,4,1152,1.0,0.001,(0.98, 0.9),56,75,0.005,512,0.2094097137451172
1,1,2,576,0.1,0.001,(0.98, 0.9),104,125,0.01,1024,0.3106152415275574
1,1,2,1152,0.1,0.01,(0.8, 0.7),104,125,0.005,1024,0.31281641125679016
1,1,3,576,0.1,0.001,(0.9, 0.8),104,125,0.01,512,0.2263258993625641
1,1,3,576,0.1,0.001,(0.9, 0.8),56,125,0.002,512,0.3108549118041992
1,1,3,1152,0.1,0.001,(0.9, 0.8),56,100,0.01,1024,0.20756641030311584
1,1,3,1152,1.0,0.001,(0.9, 0.8),56,125,0.005,1024,0.20915040373802185
1,1,3,1152,0.1,0.001,(0.8, 0.7),56,100,0.005,512,0.20722439885139465
1,1,4,576,1.0,0.1,(0.9, 0.8),104,75,0.002,512,0.31479814648628235
1,1,3,1152,1.0,0.01,(0.8, 0.7),128,75,0.005,512,0.254498690366745
1,1,2,1152,1.0,0.001,(0.9, 0.8),104,125,0.002,512,0.3148549199104309
1,1,4,1152,0.1,0.001,(0.98, 0.9),56,75,0.005,512,0.20722438395023346
1,1,3,576,0.1,0.001,(0.98, 0.9),56,125,0.002,512,0.30987054109573364
1,1,4,576,1.0,0.001,(0.98, 0.9),128,100,0.01,1024,0.20934763550758362
1,1,3,576,0.1,0.1,(0.9, 0.8),128,125,0.01,1024,0.22762304544448853
1,1,3,576,1.0,0.1,(0.98, 0.9),104,125,0.01,1024,0.2752129137516022
1,1,2,576,0.1,0.01,(0.9, 0.8),56,100,0.01,1024,0.31102147698402405
1,1,2,1152,1.0,0.001,(0.8, 0.7),104,100,0.01,512,0.3399609327316284
1,1,2,1152,0.1,0.001,(0.8, 0.7),104,100,0.002,1024,0.30961328744888306
1,1,4,576,0.1,0.001,(0.98, 0.9),56,100,0.005,512,0.32852429151535034
1,1,3,576,0.1,0.01,(0.8, 0.7),128,125,0.005,1024,0.31001564860343933
1,1,4,1152,1.0,0.01,(0.8, 0.7),56,100,0.01,512,0.20744356513023376
1,1,3,576,1.0,0.1,(0.98, 0.9),128,75,0.005,1024,0.3154231905937195
1,1,4,1152,1.0,0.01,(0.98, 0.9),128,125,0.01,1024,0.20737501978874207
1,1,3,576,1.0,0.01,(0.8, 0.7),128,125,0.002,512,0.3104977607727051
1,1,2,576,1.0,0.001,(0.98, 0.9),104,75,0.002,1024,0.30770614743232727
1,1,4,576,0.1,0.01,(0.9, 0.8),104,75,0.01,1024,0.2148958295583725
1,1,3,576,1.0,0.001,(0.8, 0.7),56,75,0.002,512,0.33157768845558167
1,1,3,576,1.0,0.1,(0.9, 0.8),56,100,0.01,1024,0.32906442880630493
1,1,2,1152,1.0,0.001,(0.98, 0.9),56,100,0.002,1024,0.3127714991569519
1,1,3,576,0.1,0.001,(0.8, 0.7),56,75,0.002,1024,0.30351996421813965
1,1,2,1152,0.1,0.01,(0.8, 0.7),128,100,0.01,1024,0.3154648244380951
1,1,2,1152,0.1,0.01,(0.8, 0.7),56,100,0.002,512,0.3121115267276764
1,1,2,576,1.0,0.1,(0.9, 0.8),56,100,0.005,512,0.3352994918823242
1,1,3,576,0.1,0.001,(0.98, 0.9),56,75,0.005,1024,0.3021289110183716
1,1,2,576,1.0,0.001,(0.9, 0.8),128,75,0.002,512,0.3356640636920929
1,1,2,576,1.0,0.1,(0.9, 0.8),104,100,0.002,1024,0.3064550757408142
1,1,3,576,1.0,0.01,(0.9, 0.8),128,75,0.002,512,0.3371701240539551
1,1,2,576,0.1,0.001,(0.9, 0.8),56,100,0.005,1024,0.3110038936138153
1,1,2,576,1.0,0.001,(0.9, 0.8),104,75,0.01,512,0.33916017413139343
1,1,4,1152,0.1,0.01,(0.98, 0.9),104,125,0.002,1024,0.30609962344169617
1,1,2,576,0.1,0.1,(0.8, 0.7),104,75,0.005,1024,0.3216015696525574
1,1,3,576,0.1,0.01,(0.98, 0.9),128,100,0.005,1024,0.31187108159065247
1,1,2,576,1.0,0.1,(0.98, 0.9),104,100,0.005,512,0.32842883467674255
1,1,3,576,0.1,0.001,(0.9, 0.8),128,75,0.01,1024,0.2075173705816269
1,1,3,1152,0.1,0.001,(0.9, 0.8),128,125,0.005,512,0.2651160955429077
1,1,2,1152,1.0,0.01,(0.8, 0.7),104,125,0.005,1024,0.3106367588043213
1,1,2,576,1.0,0.001,(0.9, 0.8),128,100,0.01,1024,0.32737109065055847
1,1,4,1152,0.1,0.001,(0.9, 0.8),104,75,0.01,512,0.3242317736148834
1,1,2,1152,0.1,0.1,(0.98, 0.9),128,100,0.005,1024,0.31666210293769836
1,1,4,1152,1.0,0.01,(0.98, 0.9),56,100,0.002,1024,0.30000388622283936
1,1,4,576,1.0,0.1,(0.8, 0.7),104,100,0.01,1024,0.20735545456409454
1,1,3,1152,0.1,0.1,(0.9, 0.8),56,100,0.002,1024,0.2268359363079071
1,1,3,1152,0.1,0.1,(0.9, 0.8),104,100,0.005,512,0.2093098908662796
1,1,3,1152,1.0,0.001,(0.98, 0.9),104,75,0.01,1024,0.30922308564186096
1,1,3,1152,1.0,0.01,(0.98, 0.9),128,75,0.01,512,0.34660375118255615
1,1,3,576,1.0,0.1,(0.98, 0.9),56,100,0.01,512,0.33454644680023193
1,1,3,576,0.1,0.01,(0.8, 0.7),56,100,0.002,1024,0.3066464960575104
1,1,4,576,1.0,0.01,(0.98, 0.9),56,125,0.002,1024,0.2963945269584656
1,1,2,1152,0.1,0.01,(0.98, 0.9),104,125,0.01,512,0.34687724709510803
1,1,3,1152,0.1,0.01,(0.9, 0.8),104,100,0.002,512,0.33738279342651367
1,1,4,1152,0.1,0.001,(0.98, 0.9),104,125,0.005,1024,0.20916017889976501
1,1,3,1152,1.0,0.1,(0.8, 0.7),128,125,0.01,1024,0.20781642198562622
1,1,4,576,1.0,0.1,(0.9, 0.8),128,100,0.005,512,0.33368271589279175
1,1,4,1152,1.0,0.1,(0.8, 0.7),104,100,0.005,512,0.20722439885139465
1,1,2,1152,1.0,0.1,(0.9, 0.8),56,75,0.01,1024,0.3282508850097656
1,1,2,576,0.1,0.1,(0.98, 0.9),128,75,0.005,1024,0.32847657799720764
1,1,3,576,1.0,0.01,(0.98, 0.9),104,100,0.002,1024,0.310308575630188
1,1,3,1152,1.0,0.001,(0.98, 0.9),56,75,0.01,1024,0.20934896171092987
1,1,4,1152,1.0,0.1,(0.8, 0.7),104,125,0.002,512,0.20733483135700226
1,1,4,576,0.1,0.1,(0.98, 0.9),128,75,0.01,512,0.20722438395023346
1,1,2,1152,1.0,0.01,(0.9, 0.8),128,100,0.01,512,0.3408137857913971
1,1,2,576,1.0,0.001,(0.8, 0.7),128,75,0.002,1024,0.3133116364479065
1,1,4,576,1.0,0.1,(0.9, 0.8),56,75,0.002,512,0.31154951453208923
1,1,2,576,1.0,0.001,(0.9, 0.8),56,100,0.005,1024,0.3085039258003235
1,1,2,576,0.1,0.01,(0.98, 0.9),56,100,0.005,1024,0.2969042658805847
1,1,4,576,0.1,0.001,(0.9, 0.8),56,125,0.002,1024,0.29860353469848633
1,1,4,576,1.0,0.1,(0.9, 0.8),128,125,0.01,512,0.20733705163002014
1,1,3,1152,1.0,0.001,(0.98, 0.9),104,125,0.002,1024,0.30280470848083496
1,1,3,1152,0.1,0.001,(0.9, 0.8),128,100,0.01,1024,0.21045701205730438
1,1,4,1152,0.1,0.001,(0.8, 0.7),104,125,0.01,512,0.20733705163002014
1,1,4,576,1.0,0.001,(0.98, 0.9),56,100,0.01,1024,0.2093261480331421
1,1,4,1152,1.0,0.001,(0.8, 0.7),128,100,0.01,512,0.20931856334209442
1,1,3,1152,1.0,0.01,(0.9, 0.8),128,75,0.002,1024,0.30922526121139526
1,1,3,576,1.0,0.01,(0.9, 0.8),128,75,0.005,1024,0.3256358504295349
1,1,2,576,0.1,0.1,(0.98, 0.9),104,75,0.002,512,0.3395572900772095
1,1,4,576,1.0,0.01,(0.98, 0.9),128,75,0.005,512,0.28214845061302185
1,1,3,576,1.0,0.001,(0.98, 0.9),56,125,0.005,1024,0.30769532918930054
1,1,4,576,0.1,0.1,(0.98, 0.9),128,100,0.002,1024,0.2972031235694885
1,1,3,576,1.0,0.1,(0.98, 0.9),56,100,0.002,1024,0.30027344822883606
1,1,2,1152,0.1,0.01,(0.9, 0.8),128,125,0.002,512,0.3098750114440918
1,1,4,1152,0.1,0.01,(0.98, 0.9),56,100,0.002,512,0.3331206738948822
1,1,2,576,0.1,0.1,(0.9, 0.8),128,100,0.01,1024,0.3205898404121399
1,1,3,576,1.0,0.001,(0.98, 0.9),56,125,0.005,512,0.3168526589870453
1,1,2,1152,0.1,0.01,(0.98, 0.9),56,100,0.01,1024,0.2677617073059082
1,1,3,1152,0.1,0.1,(0.9, 0.8),104,75,0.005,1024,0.20743274688720703
1,1,2,576,0.1,0.01,(0.98, 0.9),128,125,0.002,1024,0.30080273747444153
1,1,4,1152,1.0,0.001,(0.8, 0.7),104,125,0.01,1024,0.20916017889976501
1,1,3,1152,1.0,0.001,(0.9, 0.8),56,75,0.01,1024,0.20743055641651154
1,1,2,576,1.0,0.001,(0.8, 0.7),56,100,0.01,512,0.33851778507232666
1,1,2,1152,1.0,0.1,(0.8, 0.7),128,100,0.01,512,0.32837456464767456
1,1,2,1152,1.0,0.1,(0.98, 0.9),104,75,0.005,1024,0.3113042414188385
1,1,2,1152,0.1,0.01,(0.98, 0.9),128,75,0.01,512,0.34941408038139343
1,1,3,576,1.0,0.01,(0.8, 0.7),104,100,0.01,512,0.240609809756279
1,1,2,1152,1.0,0.001,(0.8, 0.7),128,100,0.01,512,0.34215274453163147
1,1,3,1152,1.0,0.1,(0.9, 0.8),128,100,0.005,512,0.33774957060813904
1,1,4,576,1.0,0.1,(0.8, 0.7),104,125,0.01,512,0.2968147397041321
1,1,3,576,1.0,0.1,(0.98, 0.9),128,100,0.002,512,0.31409066915512085
1,1,4,1152,1.0,0.01,(0.8, 0.7),128,75,0.01,1024,0.20927952229976654
1,1,3,576,0.1,0.01,(0.98, 0.9),128,125,0.002,1024,0.3069101572036743
1,1,4,1152,0.1,0.01,(0.9, 0.8),56,125,0.005,1024,0.28827735781669617
1,1,2,576,0.1,0.01,(0.9, 0.8),104,75,0.005,1024,0.31323784589767456
1,1,3,576,1.0,0.1,(0.8, 0.7),128,125,0.005,1024,0.3092246353626251
1,1,3,576,1.0,0.1,(0.98, 0.9),104,100,0.005,1024,0.22512301802635193
1,1,2,576,0.1,0.01,(0.9, 0.8),104,100,0.01,512,0.34508243203163147
1,1,3,1152,0.1,0.01,(0.98, 0.9),128,100,0.002,512,0.3415299355983734
1,1,2,1152,1.0,0.1,(0.9, 0.8),56,75,0.002,512,0.33055344223976135
1,1,2,1152,1.0,0.001,(0.98, 0.9),128,75,0.01,512,0.3477083742618561
1,1,2,576,1.0,0.001,(0.8, 0.7),56,125,0.005,1024,0.30579298734664917
1,1,4,1152,1.0,0.01,(0.9, 0.8),56,100,0.005,1024,0.2073691338300705
1,1,3,1152,1.0,0.001,(0.8, 0.7),128,125,0.002,1024,0.3060820400714874
1,1,3,576,1.0,0.1,(0.9, 0.8),128,125,0.002,1024,0.30479493737220764
1,1,3,1152,1.0,0.01,(0.8, 0.7),56,100,0.002,512,0.2994813323020935
1,1,3,576,0.1,0.1,(0.9, 0.8),56,100,0.01,512,0.20770832896232605
1,1,4,1152,1.0,0.001,(0.98, 0.9),56,100,0.005,1024,0.2213750183582306
1,1,2,576,0.1,0.01,(0.98, 0.9),56,75,0.01,1024,0.30917319655418396
1,1,3,576,0.1,0.01,(0.98, 0.9),104,100,0.002,1024,0.3107988238334656
1,1,2,576,1.0,0.001,(0.8, 0.7),56,125,0.01,1024,0.30814647674560547
1,1,3,1152,1.0,0.001,(0.98, 0.9),104,125,0.002,1024,0.30338671803474426
1,1,2,576,0.1,0.1,(0.9, 0.8),128,100,0.002,512,0.3339258134365082
1,1,2,576,1.0,0.1,(0.9, 0.8),128,75,0.005,1024,0.3244401216506958
1,1,2,1152,1.0,0.01,(0.8, 0.7),128,100,0.002,1024,0.31071874499320984
1,1,2,1152,0.1,0.01,(0.9, 0.8),104,125,0.002,1024,0.30836915969848633
1,1,4,576,1.0,0.1,(0.9, 0.8),128,75,0.005,1024,0.21180987358093262
1,1,2,576,1.0,0.1,(0.9, 0.8),128,75,0.002,1024,0.3132009506225586
1,1,4,1152,1.0,0.001,(0.9, 0.8),128,75,0.01,1024,0.20743274688720703
1,1,2,1152,1.0,0.001,(0.8, 0.7),56,100,0.005,512,0.33184459805488586
1,1,3,576,0.1,0.1,(0.8, 0.7),56,100,0.002,512,0.3096722960472107
1,1,2,576,0.1,0.001,(0.8, 0.7),56,125,0.005,512,0.31898215413093567
1,1,4,576,0.1,0.01,(0.9, 0.8),128,75,0.002,1024,0.3116992115974426
1,1,2,1152,0.1,0.1,(0.98, 0.9),56,125,0.002,1024,0.30549609661102295
1,1,2,576,0.1,0.1,(0.8, 0.7),128,100,0.002,512,0.34209415316581726
1,1,2,1152,0.1,0.01,(0.8, 0.7),128,75,0.002,512,0.3460786044597626
1,1,2,1152,0.1,0.001,(0.9, 0.8),104,125,0.01,1024,0.2992812693119049
1,1,4,1152,1.0,0.01,(0.9, 0.8),104,75,0.005,1024,0.22413629293441772
1,1,3,1152,0.1,0.01,(0.9, 0.8),56,75,0.005,1024,0.2092534750699997
1,1,3,576,1.0,0.01,(0.98, 0.9),56,125,0.002,1024,0.2075527459383011
1,1,2,576,0.1,0.1,(0.8, 0.7),128,100,0.002,1024,0.309939444065094
1,1,2,1152,0.1,0.1,(0.98, 0.9),56,75,0.005,1024,0.316631942987442
1,1,4,576,1.0,0.1,(0.9, 0.8),104,125,0.002,512,0.3097009062767029
1,1,3,1152,1.0,0.001,(0.9, 0.8),104,100,0.002,1024,0.3071073889732361
1,1,3,576,1.0,0.1,(0.8, 0.7),56,100,0.002,1024,0.30485936999320984
1,1,2,1152,1.0,0.1,(0.9, 0.8),56,75,0.01,1024,0.3305598795413971
1,1,3,1152,1.0,0.1,(0.98, 0.9),56,100,0.01,512,0.33552730083465576
1,1,3,1152,0.1,0.1,(0.8, 0.7),128,75,0.002,1024,0.20926432311534882
1,1,3,1152,0.1,0.1,(0.98, 0.9),56,125,0.002,1024,0.22203518450260162
1,1,4,576,1.0,0.01,(0.9, 0.8),104,100,0.005,512,0.20959633588790894
1,1,3,576,1.0,0.01,(0.98, 0.9),104,100,0.01,512,0.20965059101581573
1,1,2,576,0.1,0.01,(0.9, 0.8),104,100,0.01,1024,0.31371286511421204
1,1,4,1152,0.1,0.01,(0.9, 0.8),104,100,0.005,1024,0.20916016399860382
1,1,4,576,0.1,0.01,(0.9, 0.8),104,125,0.005,512,0.20928128063678741
1,1,4,1152,1.0,0.01,(0.9, 0.8),128,100,0.005,1024,0.20916016399860382
1,1,2,1152,0.1,0.1,(0.9, 0.8),56,75,0.002,1024,0.3104275166988373
1,1,2,1152,0.1,0.01,(0.9, 0.8),56,125,0.005,1024,0.30653712153434753
1,1,4,1152,0.1,0.01,(0.98, 0.9),128,100,0.002,1024,0.3050859570503235
1,1,2,1152,1.0,0.001,(0.8, 0.7),56,100,0.01,1024,0.2188730239868164
1,1,2,576,1.0,0.1,(0.9, 0.8),56,100,0.002,1024,0.30512890219688416
1,1,4,1152,0.1,0.001,(0.8, 0.7),128,75,0.01,512,0.2097417563199997
1,1,2,1152,0.1,0.01,(0.9, 0.8),56,75,0.01,512,0.34796658158302307
1,1,4,576,0.1,0.1,(0.98, 0.9),104,75,0.005,512,0.34910592436790466
1,1,2,576,0.1,0.01,(0.98, 0.9),56,125,0.002,512,0.31443530321121216
1,1,3,1152,1.0,0.1,(0.98, 0.9),56,75,0.005,1024,0.3273025453090668
1,1,2,1152,1.0,0.001,(0.8, 0.7),128,75,0.002,1024,0.31313154101371765
1,1,2,1152,1.0,0.01,(0.98, 0.9),56,125,0.002,512,0.3068125247955322
1,1,2,1152,1.0,0.01,(0.98, 0.9),128,100,0.01,512,0.3445572853088379
1,1,3,576,1.0,0.01,(0.8, 0.7),128,75,0.002,512,0.3408876359462738
1,1,2,1152,0.1,0.001,(0.9, 0.8),56,125,0.002,1024,0.3112500011920929
1,1,3,1152,0.1,0.01,(0.98, 0.9),56,125,0.005,512,0.21002233028411865
1,1,3,576,1.0,0.001,(0.9, 0.8),128,125,0.002,512,0.3128906190395355
1,1,4,1152,0.1,0.01,(0.98, 0.9),104,100,0.005,1024,0.20916016399860382
1,1,4,576,1.0,0.001,(0.9, 0.8),128,100,0.005,1024,0.20916016399860382
1,1,4,576,1.0,0.001,(0.8, 0.7),104,100,0.005,1024,0.2091640681028366
1,1,2,1152,1.0,0.01,(0.9, 0.8),128,125,0.005,1024,0.31089454889297485
1,1,3,1152,1.0,0.1,(0.8, 0.7),56,125,0.01,1024,0.2789062559604645
1,1,2,1152,1.0,0.01,(0.9, 0.8),104,125,0.002,1024,0.3079570531845093
1,1,2,576,0.1,0.1,(0.98, 0.9),128,100,0.01,1024,0.3142402172088623
1,1,4,1152,1.0,0.001,(0.98, 0.9),56,75,0.01,1024,0.2074153870344162
1,1,3,1152,1.0,0.1,(0.8, 0.7),128,125,0.002,512,0.21758481860160828
1,1,4,1152,0.1,0.1,(0.98, 0.9),104,125,0.01,512,0.20930804312229156
1,1,4,576,0.1,0.001,(0.9, 0.8),104,100,0.002,512,0.3139582872390747
1,1,3,1152,1.0,0.01,(0.98, 0.9),104,125,0.002,512,0.31347766518592834
1,1,3,576,1.0,0.01,(0.9, 0.8),128,125,0.002,512,0.31120315194129944
1,1,3,1152,0.1,0.1,(0.8, 0.7),128,75,0.002,512,0.30628472566604614
1,1,4,1152,0.1,0.001,(0.8, 0.7),104,100,0.01,512,0.28763237595558167
1,1,4,576,0.1,0.01,(0.9, 0.8),104,125,0.01,1024,0.2073671966791153
1,1,4,576,0.1,0.1,(0.9, 0.8),128,75,0.002,512,0.34512367844581604
1,1,3,576,1.0,0.1,(0.8, 0.7),56,75,0.01,512,0.2077821046113968
1,1,3,576,1.0,0.1,(0.98, 0.9),128,75,0.002,512,0.3308810889720917
1,1,2,576,1.0,0.001,(0.98, 0.9),104,75,0.002,512,0.325041264295578
1,1,4,1152,0.1,0.01,(0.8, 0.7),128,125,0.01,1024,0.20916017889976501
1,1,4,576,0.1,0.1,(0.9, 0.8),56,125,0.01,1024,0.21639452874660492
1,1,4,1152,1.0,0.1,(0.8, 0.7),56,75,0.002,1024,0.20636503398418427
1,1,3,576,1.0,0.1,(0.8, 0.7),56,100,0.01,1024,0.2094707041978836
1,1,3,576,1.0,0.01,(0.8, 0.7),56,100,0.005,1024,0.2971132695674896
1,1,4,1152,1.0,0.001,(0.98, 0.9),104,125,0.005,512,0.2229040116071701
1,1,4,1152,1.0,0.001,(0.8, 0.7),128,125,0.005,512,0.20919199287891388
1,1,2,1152,0.1,0.01,(0.8, 0.7),56,125,0.005,512,0.33420315384864807
1,1,3,576,1.0,0.1,(0.98, 0.9),128,125,0.002,512,0.3144710063934326
1,1,3,576,0.1,0.1,(0.9, 0.8),128,100,0.002,1024,0.30988672375679016
1,1,3,576,1.0,0.1,(0.98, 0.9),104,100,0.01,1024,0.3081933557987213
1,1,2,1152,1.0,0.001,(0.8, 0.7),128,100,0.002,1024,0.3113945424556732
1,1,2,1152,0.1,0.01,(0.8, 0.7),128,125,0.01,512,0.34289735555648804
1,1,3,1152,0.1,0.01,(0.8, 0.7),56,100,0.01,512,0.20722439885139465
1,1,4,1152,0.1,0.001,(0.8, 0.7),56,100,0.002,512,0.20895832777023315
1,1,3,1152,0.1,0.01,(0.98, 0.9),56,125,0.002,1024,0.30558985471725464
1,1,4,576,0.1,0.1,(0.8, 0.7),104,75,0.01,512,0.20930339395999908
1,1,2,1152,1.0,0.001,(0.8, 0.7),104,125,0.005,1024,0.3036230504512787
1,1,4,576,0.1,0.1,(0.8, 0.7),56,125,0.005,512,0.3101942241191864
1,1,3,576,0.1,0.001,(0.8, 0.7),104,125,0.005,1024,0.3028964698314667
1,1,4,1152,1.0,0.001,(0.98, 0.9),128,75,0.01,512,0.22410808503627777
1,1,3,1152,0.1,0.1,(0.98, 0.9),128,75,0.002,512,0.3473697900772095
1,1,3,576,1.0,0.1,(0.8, 0.7),56,75,0.002,1024,0.3118142783641815
1,1,3,1152,1.0,0.001,(0.8, 0.7),56,75,0.005,512,0.3327951431274414
1,1,2,576,0.1,0.01,(0.8, 0.7),128,75,0.002,1024,0.31664931774139404
1,1,3,576,0.1,0.1,(0.9, 0.8),56,125,0.002,512,0.3106808364391327
1,1,4,576,0.1,0.001,(0.98, 0.9),104,75,0.01,1024,0.20923827588558197
1,1,2,1152,0.1,0.01,(0.9, 0.8),56,125,0.002,512,0.3141406178474426
1,1,3,1152,1.0,0.01,(0.98, 0.9),104,125,0.01,512,0.3410736620426178
1,1,3,576,1.0,0.1,(0.9, 0.8),104,75,0.005,512,0.3455447256565094
1,1,4,1152,1.0,0.01,(0.8, 0.7),128,125,0.002,1024,0.20741602778434753
1,1,2,1152,0.1,0.01,(0.98, 0.9),56,125,0.01,512,0.3384397327899933
1,1,4,1152,0.1,0.001,(0.9, 0.8),56,75,0.01,1024,0.2092534750699997
1,1,2,1152,1.0,0.01,(0.98, 0.9),128,75,0.002,1024,0.3135785758495331
1,1,2,1152,1.0,0.01,(0.9, 0.8),128,125,0.005,1024,0.3101503849029541
1,1,3,576,0.1,0.01,(0.9, 0.8),56,100,0.005,1024,0.30137890577316284
1,1,2,1152,1.0,0.01,(0.98, 0.9),56,75,0.002,512,0.31958332657814026
1,1,4,576,1.0,0.01,(0.9, 0.8),128,125,0.005,1024,0.22146093845367432
1,1,4,576,1.0,0.01,(0.8, 0.7),104,125,0.005,512,0.3042321503162384
1,1,2,576,0.1,0.1,(0.98, 0.9),104,75,0.002,512,0.3381185233592987
1,1,3,576,1.0,0.001,(0.8, 0.7),56,75,0.002,1024,0.3093598186969757
1,1,4,1152,0.1,0.01,(0.98, 0.9),128,75,0.005,512,0.2758745849132538
1,1,3,576,1.0,0.01,(0.8, 0.7),56,100,0.01,1024,0.20916405320167542
1,1,3,576,1.0,0.01,(0.9, 0.8),104,100,0.01,1024,0.32731249928474426
1,1,2,1152,1.0,0.1,(0.9, 0.8),128,125,0.01,1024,0.31006836891174316
1,1,2,576,1.0,0.01,(0.8, 0.7),104,100,0.002,512,0.3170508146286011
1,1,2,1152,1.0,0.001,(0.98, 0.9),128,125,0.002,512,0.31142857670783997
1,1,3,576,1.0,0.01,(0.8, 0.7),104,75,0.005,512,0.3460655212402344
1,1,2,576,1.0,0.001,(0.8, 0.7),56,75,0.002,1024,0.3089084327220917
1,1,3,576,1.0,0.01,(0.9, 0.8),104,100,0.002,1024,0.31040626764297485
1,1,4,576,1.0,0.1,(0.98, 0.9),56,100,0.005,1024,0.3033085763454437
1,1,4,576,0.1,0.01,(0.8, 0.7),104,100,0.01,512,0.20931856334209442
1,1,2,576,1.0,0.001,(0.98, 0.9),104,100,0.01,1024,0.3149999976158142
1,1,3,576,0.1,0.01,(0.8, 0.7),56,125,0.005,1024,0.2273867428302765
1,1,4,576,0.1,0.01,(0.98, 0.9),56,75,0.01,1024,0.20962023735046387
1,1,3,576,1.0,0.001,(0.98, 0.9),104,100,0.005,512,0.3354579210281372
1,1,4,576,1.0,0.1,(0.98, 0.9),56,100,0.005,1024,0.2076093703508377
1,1,2,576,0.1,0.1,(0.9, 0.8),56,75,0.01,1024,0.3107747733592987
1,1,3,576,0.1,0.001,(0.98, 0.9),56,125,0.005,512,0.20733705163002014
1,1,2,576,0.1,0.001,(0.9, 0.8),128,75,0.01,1024,0.32565322518348694
1,1,3,576,0.1,0.01,(0.98, 0.9),104,125,0.002,512,0.3099375069141388
1,1,2,1152,0.1,0.1,(0.9, 0.8),128,100,0.002,512,0.34356337785720825
1,1,3,576,1.0,0.01,(0.98, 0.9),56,100,0.01,1024,0.2991581857204437
1,1,4,576,1.0,0.001,(0.9, 0.8),56,100,0.005,1024,0.20734766125679016
1,1,4,1152,1.0,0.1,(0.8, 0.7),104,100,0.005,512,0.20722439885139465
1,1,4,1152,1.0,0.01,(0.8, 0.7),104,125,0.005,512,0.20928128063678741
1,1,4,576,0.1,0.001,(0.8, 0.7),104,100,0.005,1024,0.20722460746765137
1,1,2,576,1.0,0.01,(0.8, 0.7),104,125,0.01,1024,0.3107265830039978
1,1,2,1152,0.1,0.001,(0.98, 0.9),56,75,0.005,512,0.34832897782325745
1,1,2,576,0.1,0.1,(0.8, 0.7),128,125,0.01,512,0.34369197487831116
1,1,4,1152,1.0,0.01,(0.98, 0.9),128,125,0.005,1024,0.20916017889976501
1,1,4,1152,0.1,0.1,(0.98, 0.9),128,75,0.005,1024,0.2142469733953476
1,1,3,1152,1.0,0.1,(0.9, 0.8),56,100,0.01,1024,0.20916016399860382
1,1,2,1152,1.0,0.01,(0.9, 0.8),56,75,0.005,1024,0.31123045086860657
1,1,4,576,0.1,0.001,(0.8, 0.7),128,125,0.005,512,0.2997902035713196
1,1,2,1152,1.0,0.01,(0.9, 0.8),128,75,0.01,1024,0.3382855951786041
1,1,2,576,1.0,0.1,(0.8, 0.7),104,125,0.005,512,0.33257147669792175
1,1,2,576,0.1,0.001,(0.9, 0.8),128,125,0.01,1024,0.31077539920806885
1,1,3,1152,1.0,0.1,(0.98, 0.9),104,75,0.01,512,0.34681427478790283
1,1,3,1152,1.0,0.001,(0.9, 0.8),56,100,0.002,1024,0.30574414134025574
1,1,2,1152,1.0,0.01,(0.9, 0.8),128,75,0.005,1024,0.3221006691455841
1,1,2,1152,0.1,0.1,(0.9, 0.8),104,125,0.002,512,0.3217991292476654
1,1,4,576,1.0,0.01,(0.9, 0.8),56,100,0.002,512,0.29989367723464966
1,1,3,576,1.0,0.1,(0.98, 0.9),56,75,0.01,1024,0.31242838501930237
1,1,2,1152,1.0,0.01,(0.8, 0.7),104,125,0.002,1024,0.3004082441329956
1,1,4,1152,1.0,0.1,(0.9, 0.8),104,125,0.002,1024,0.21852539479732513
1,1,2,576,0.1,0.01,(0.9, 0.8),56,100,0.005,1024,0.3118339478969574
1,1,3,576,0.1,0.1,(0.98, 0.9),128,75,0.005,1024,0.3063085973262787
1,1,2,576,0.1,0.1,(0.9, 0.8),56,100,0.002,1024,0.3065410256385803
1,1,2,1152,1.0,0.001,(0.8, 0.7),56,100,0.002,512,0.3157031238079071
1,1,2,1152,0.1,0.1,(0.8, 0.7),128,125,0.01,1024,0.3197871148586273
1,1,3,1152,1.0,0.001,(0.8, 0.7),56,100,0.002,1024,0.27406445145606995
1,1,2,576,0.1,0.001,(0.98, 0.9),128,100,0.01,1024,0.3328613340854645
1,1,4,576,1.0,0.001,(0.98, 0.9),104,75,0.002,512,0.31563588976860046
1,1,4,576,0.1,0.001,(0.8, 0.7),56,100,0.005,1024,0.20911328494548798
1,1,2,1152,1.0,0.1,(0.9, 0.8),128,100,0.002,1024,0.3146992325782776
1,1,3,576,0.1,0.1,(0.98, 0.9),56,125,0.002,512,0.3057009279727936
1,1,4,1152,1.0,0.001,(0.98, 0.9),104,100,0.002,1024,0.28370895981788635
1,1,4,576,0.1,0.001,(0.8, 0.7),104,125,0.002,1024,0.30091601610183716
1,1,2,576,0.1,0.01,(0.8, 0.7),128,100,0.002,512,0.32164275646209717
1,1,3,576,0.1,0.1,(0.9, 0.8),128,100,0.005,1024,0.3117108941078186
1,1,4,576,1.0,0.1,(0.98, 0.9),104,100,0.002,1024,0.29390037059783936
1,1,3,1152,0.1,0.01,(0.8, 0.7),128,125,0.002,512,0.28806474804878235
1,1,4,1152,1.0,0.001,(0.8, 0.7),104,125,0.002,1024,0.30723634362220764
1,1,4,576,1.0,0.1,(0.98, 0.9),104,75,0.01,512,0.3435264825820923
1,1,3,576,1.0,0.01,(0.9, 0.8),128,125,0.002,1024,0.3094101846218109
1,1,4,1152,1.0,0.01,(0.98, 0.9),128,75,0.002,1024,0.30706164240837097
1,1,3,1152,1.0,0.01,(0.9, 0.8),104,75,0.005,1024,0.26691189408302307
1,1,3,1152,0.1,0.1,(0.8, 0.7),128,125,0.01,1024,0.20916017889976501
1,1,2,576,1.0,0.1,(0.98, 0.9),56,100,0.01,1024,0.3111953139305115
1,1,3,576,1.0,0.1,(0.98, 0.9),128,125,0.002,512,0.3115491271018982
1,1,3,1152,0.1,0.01,(0.98, 0.9),56,75,0.005,512,0.24411673843860626
1,1,2,1152,0.1,0.1,(0.8, 0.7),56,100,0.002,512,0.3172178864479065
1,1,3,1152,0.1,0.1,(0.8, 0.7),104,100,0.005,1024,0.306884765625
1,1,4,1152,0.1,0.01,(0.98, 0.9),104,75,0.002,1024,0.3096223771572113
1,1,4,576,1.0,0.001,(0.8, 0.7),104,125,0.002,512,0.29979467391967773
1,1,4,1152,0.1,0.1,(0.98, 0.9),56,75,0.002,512,0.20932073891162872
1,1,4,1152,0.1,0.1,(0.8, 0.7),104,75,0.01,512,0.209314227104187
1,1,4,1152,1.0,0.1,(0.8, 0.7),104,125,0.01,1024,0.2073691487312317
1,1,2,1152,1.0,0.001,(0.8, 0.7),56,75,0.005,1024,0.3060959279537201
1,1,3,576,0.1,0.001,(0.8, 0.7),128,75,0.01,1024,0.33579209446907043
1,1,3,1152,0.1,0.001,(0.8, 0.7),104,100,0.005,512,0.34350040555000305
1,1,3,576,0.1,0.1,(0.98, 0.9),104,75,0.005,1024,0.3344097137451172
1,1,4,1152,0.1,0.01,(0.9, 0.8),128,75,0.01,512,0.20931857824325562
1,1,4,576,0.1,0.001,(0.98, 0.9),56,100,0.005,512,0.20939886569976807
1,1,3,576,1.0,0.01,(0.9, 0.8),104,100,0.01,1024,0.30421680212020874
1,1,3,576,0.1,0.1,(0.8, 0.7),128,100,0.01,1024,0.24233202636241913
1,1,2,1152,0.1,0.01,(0.98, 0.9),56,100,0.002,512,0.3231315016746521
1,1,3,1152,1.0,0.1,(0.9, 0.8),128,75,0.01,512,0.3497178554534912
1,1,2,1152,0.1,0.01,(0.9, 0.8),128,75,0.01,1024,0.34074437618255615
1,1,3,576,0.1,0.01,(0.98, 0.9),128,100,0.01,512,0.34653425216674805
1,1,4,1152,1.0,0.01,(0.8, 0.7),104,125,0.005,1024,0.24407422542572021
1,1,4,1152,0.1,0.01,(0.98, 0.9),56,100,0.002,1024,0.31883591413497925
1,1,2,576,1.0,0.01,(0.8, 0.7),104,100,0.002,1024,0.3067929744720459
1,1,3,1152,1.0,0.01,(0.98, 0.9),56,75,0.01,1024,0.3282356858253479
1,1,3,1152,0.1,0.01,(0.98, 0.9),56,125,0.005,512,0.20928128063678741
1,1,2,576,0.1,0.01,(0.8, 0.7),104,100,0.002,1024,0.3107812702655792
1,1,4,576,1.0,0.01,(0.98, 0.9),104,75,0.005,1024,0.20759981870651245
1,1,3,1152,1.0,0.001,(0.9, 0.8),128,100,0.01,512,0.22046005725860596
1,1,3,1152,0.1,0.001,(0.9, 0.8),104,125,0.005,512,0.2093973457813263
1,1,3,1152,1.0,0.1,(0.98, 0.9),56,75,0.002,1024,0.2982986271381378
1,1,3,1152,0.1,0.01,(0.8, 0.7),56,125,0.01,1024,0.20737110078334808
1,1,2,576,0.1,0.001,(0.98, 0.9),128,75,0.01,1024,0.32257160544395447
1,1,2,1152,0.1,0.1,(0.9, 0.8),104,100,0.01,512,0.3471050262451172
1,1,2,576,1.0,0.1,(0.9, 0.8),104,125,0.01,1024,0.3114902377128601
1,1,2,1152,1.0,0.1,(0.8, 0.7),104,100,0.002,512,0.31587454676628113
1,1,4,576,0.1,0.01,(0.8, 0.7),56,75,0.01,512,0.20721356570720673
1,1,2,1152,1.0,0.1,(0.8, 0.7),128,125,0.005,1024,0.3115254044532776
1,1,4,576,0.1,0.01,(0.98, 0.9),128,75,0.005,512,0.3479231894016266
1,1,2,1152,0.1,0.01,(0.98, 0.9),104,75,0.002,1024,0.3171744644641876
1,1,4,576,1.0,0.01,(0.9, 0.8),56,125,0.002,512,0.29736384749412537
1,1,3,576,1.0,0.1,(0.9, 0.8),56,125,0.002,1024,0.28044530749320984
1,1,3,576,0.1,0.1,(0.98, 0.9),104,100,0.01,1024,0.2975742220878601
1,1,3,576,1.0,0.01,(0.9, 0.8),104,100,0.005,512,0.33731767535209656
1,1,3,576,0.1,0.1,(0.9, 0.8),104,100,0.002,512,0.3175325393676758
1,1,2,1152,0.1,0.01,(0.98, 0.9),104,100,0.002,1024,0.3123827874660492
1,1,3,576,1.0,0.1,(0.8, 0.7),104,75,0.01,1024,0.30438801646232605
1,1,4,576,1.0,0.001,(0.9, 0.8),128,100,0.002,512,0.3063693344593048
1,1,3,576,0.1,0.01,(0.9, 0.8),104,100,0.005,512,0.21080945432186127
1,1,3,576,0.1,0.001,(0.98, 0.9),128,125,0.005,512,0.3449375033378601
1,1,4,576,0.1,0.001,(0.8, 0.7),128,125,0.005,512,0.33670538663864136
1,1,2,1152,1.0,0.01,(0.9, 0.8),104,100,0.01,1024,0.31823045015335083
1,1,4,576,0.1,0.1,(0.9, 0.8),128,125,0.01,1024,0.2073691487312317
1,1,4,576,0.1,0.01,(0.98, 0.9),56,75,0.002,1024,0.2993641495704651
1,1,4,1152,0.1,0.001,(0.98, 0.9),56,100,0.01,1024,0.2073691338300705
1,1,2,576,1.0,0.1,(0.98, 0.9),56,75,0.005,1024,0.3060091435909271
1,1,3,576,0.1,0.001,(0.98, 0.9),56,75,0.005,1024,0.310668408870697
1,1,4,576,1.0,0.1,(0.98, 0.9),56,75,0.01,512,0.3255208432674408
1,1,4,1152,1.0,0.001,(0.8, 0.7),56,125,0.01,512,0.20733705163002014
1,1,3,576,0.1,0.1,(0.9, 0.8),128,75,0.005,512,0.3507009744644165
1,1,2,1152,1.0,0.1,(0.98, 0.9),104,125,0.01,1024,0.3169472813606262
1,1,4,576,0.1,0.01,(0.8, 0.7),128,100,0.005,512,0.20722439885139465
1,1,2,576,0.1,0.01,(0.8, 0.7),104,100,0.005,1024,0.31130465865135193
1,1,2,1152,0.1,0.1,(0.98, 0.9),104,100,0.01,512,0.34009334444999695
1,1,4,1152,1.0,0.001,(0.98, 0.9),104,125,0.005,1024,0.3130136728286743
1,1,2,1152,1.0,0.001,(0.98, 0.9),128,100,0.005,512,0.3407682180404663
1,1,4,1152,1.0,0.1,(0.9, 0.8),128,100,0.01,512,0.20931856334209442
1,1,4,1152,0.1,0.01,(0.98, 0.9),104,75,0.005,1024,0.21041667461395264
1,1,3,576,1.0,0.1,(0.98, 0.9),104,100,0.01,1024,0.3099062442779541
1,1,2,1152,1.0,0.01,(0.8, 0.7),56,125,0.005,1024,0.3023320436477661
1,1,2,576,0.1,0.01,(0.9, 0.8),104,125,0.01,1024,0.30866798758506775
1,1,4,576,0.1,0.01,(0.98, 0.9),56,125,0.01,1024,0.21506056189537048
1,1,2,1152,0.1,0.1,(0.98, 0.9),128,125,0.002,512,0.32152679562568665
1,1,3,576,1.0,0.01,(0.9, 0.8),104,75,0.005,512,0.346032977104187
1,1,3,1152,0.1,0.001,(0.9, 0.8),56,125,0.002,512,0.3017745614051819
1,1,2,1152,0.1,0.01,(0.98, 0.9),128,125,0.01,512,0.3369375169277191
1,1,3,576,0.1,0.1,(0.9, 0.8),56,100,0.01,512,0.30026474595069885
1,1,4,1152,0.1,0.001,(0.98, 0.9),56,75,0.002,1024,0.3060395121574402
1,1,4,1152,0.1,0.001,(0.98, 0.9),104,100,0.01,1024,0.20928318798542023
1,1,2,1152,1.0,0.01,(0.9, 0.8),128,100,0.01,512,0.34383898973464966
1,1,2,1152,0.1,0.1,(0.98, 0.9),128,100,0.01,1024,0.3257558345794678
1,1,3,1152,0.1,0.1,(0.9, 0.8),104,100,0.002,512,0.3385394811630249
1,1,2,1152,1.0,0.001,(0.8, 0.7),56,75,0.005,512,0.34165146946907043
1,1,4,576,1.0,0.1,(0.8, 0.7),128,75,0.01,1024,0.20743274688720703
1,1,3,1152,1.0,0.01,(0.8, 0.7),128,125,0.002,512,0.315033495426178
1,1,3,576,0.1,0.001,(0.8, 0.7),128,100,0.002,512,0.33682507276535034
1,1,4,576,1.0,0.01,(0.9, 0.8),56,100,0.005,1024,0.2871406078338623
1,1,2,576,1.0,0.1,(0.9, 0.8),56,75,0.005,1024,0.3108311593532562
1,1,2,576,0.1,0.001,(0.8, 0.7),104,100,0.01,1024,0.3085078299045563
1,1,4,576,1.0,0.01,(0.8, 0.7),104,75,0.01,1024,0.20743274688720703
1,1,3,1152,0.1,0.1,(0.9, 0.8),104,75,0.005,512,0.20722438395023346
1,1,4,1152,1.0,0.001,(0.8, 0.7),128,100,0.01,512,0.20722439885139465
1,1,4,576,0.1,0.01,(0.9, 0.8),56,125,0.002,512,0.3006964325904846
1,1,4,1152,0.1,0.1,(0.9, 0.8),56,100,0.01,512,0.20722439885139465
1,1,4,576,0.1,0.01,(0.8, 0.7),104,125,0.002,1024,0.281244158744812
1,1,4,1152,0.1,0.001,(0.8, 0.7),56,75,0.01,1024,0.20938368141651154
1,1,3,1152,0.1,0.001,(0.98, 0.9),104,75,0.01,1024,0.3352169990539551
1,1,3,576,1.0,0.001,(0.9, 0.8),128,100,0.002,1024,0.30846482515335083
1,1,4,576,0.1,0.1,(0.98, 0.9),56,75,0.005,512,0.30304470658302307
1,1,4,576,1.0,0.01,(0.9, 0.8),104,100,0.005,512,0.20965060591697693
1,1,3,576,1.0,0.001,(0.98, 0.9),128,125,0.002,512,0.3104219138622284
1,1,2,576,1.0,0.01,(0.9, 0.8),128,100,0.01,512,0.34317705035209656
1,1,2,576,1.0,0.1,(0.98, 0.9),56,100,0.005,1024,0.3049902319908142
1,1,2,1152,1.0,0.01,(0.98, 0.9),56,100,0.01,512,0.33649957180023193
1,1,4,1152,1.0,0.1,(0.8, 0.7),104,100,0.005,512,0.20723089575767517
1,1,3,576,1.0,0.01,(0.9, 0.8),56,100,0.002,1024,0.3085663914680481
1,1,2,1152,0.1,0.01,(0.9, 0.8),128,125,0.002,1024,0.31028124690055847
1,1,3,576,1.0,0.001,(0.98, 0.9),128,75,0.005,1024,0.3112586736679077
1,1,3,1152,1.0,0.001,(0.98, 0.9),128,100,0.002,512,0.32267358899116516
1,1,4,576,0.1,0.01,(0.98, 0.9),128,75,0.002,1024,0.30900827050209045
1,1,3,1152,1.0,0.1,(0.8, 0.7),128,100,0.002,1024,0.23034179210662842
1,1,3,1152,0.1,0.01,(0.9, 0.8),128,75,0.002,512,0.3487304747104645
1,1,4,1152,0.1,0.001,(0.98, 0.9),104,75,0.01,512,0.20722438395023346
1,1,2,1152,0.1,0.001,(0.9, 0.8),128,75,0.002,1024,0.3183550536632538
1,1,3,576,0.1,0.001,(0.9, 0.8),104,75,0.005,512,0.3507552146911621
1,1,3,576,1.0,0.001,(0.8, 0.7),104,125,0.01,1024,0.20725977420806885
1,1,4,1152,0.1,0.1,(0.9, 0.8),104,100,0.01,1024,0.20916016399860382
1,1,4,576,1.0,0.001,(0.9, 0.8),104,125,0.002,1024,0.2992812693119049
1,1,4,1152,1.0,0.01,(0.9, 0.8),56,100,0.005,512,0.20940536260604858
1,1,4,576,1.0,0.001,(0.8, 0.7),56,100,0.01,1024,0.20916016399860382
1,1,3,1152,1.0,0.01,(0.9, 0.8),104,75,0.005,1024,0.3167816698551178
1,1,2,576,0.1,0.01,(0.9, 0.8),128,100,0.002,1024,0.31135934591293335
1,1,4,1152,1.0,0.1,(0.9, 0.8),128,125,0.005,512,0.20733705163002014
1,1,2,1152,1.0,0.1,(0.8, 0.7),56,125,0.002,512,0.312727689743042
1,1,4,1152,0.1,0.001,(0.9, 0.8),128,125,0.002,512,0.20753125846385956
1,1,2,576,1.0,0.1,(0.9, 0.8),128,100,0.005,512,0.34053167700767517
1,1,2,576,0.1,0.001,(0.9, 0.8),128,125,0.005,1024,0.2984062433242798
1,1,2,1152,1.0,0.01,(0.8, 0.7),104,75,0.01,512,0.34306642413139343
1,1,2,576,0.1,0.1,(0.8, 0.7),128,75,0.002,1024,0.3193229138851166
1,1,3,1152,1.0,0.001,(0.9, 0.8),56,100,0.002,512,0.31105032563209534
1,1,4,576,1.0,0.001,(0.98, 0.9),104,100,0.002,512,0.30753687024116516
1,1,4,576,0.1,0.01,(0.98, 0.9),104,100,0.01,512,0.20722439885139465
1,1,4,576,1.0,0.001,(0.8, 0.7),128,100,0.002,512,0.3067925274372101
1,1,3,1152,0.1,0.01,(0.98, 0.9),104,125,0.005,1024,0.27469924092292786
1,1,2,1152,0.1,0.1,(0.9, 0.8),104,100,0.002,1024,0.31032222509384155
1,1,2,1152,0.1,0.1,(0.98, 0.9),56,100,0.01,1024,0.2994062304496765
1,1,3,1152,1.0,0.01,(0.8, 0.7),104,125,0.002,1024,0.3039512038230896
1,1,2,576,1.0,0.01,(0.9, 0.8),56,100,0.002,1024,0.29395705461502075
1,1,4,1152,1.0,0.001,(0.9, 0.8),56,75,0.005,512,0.20722438395023346
1,1,3,576,0.1,0.1,(0.8, 0.7),128,75,0.01,512,0.20722438395023346
1,1,4,576,0.1,0.001,(0.9, 0.8),104,125,0.005,1024,0.2073691487312317
1,1,3,1152,0.1,0.1,(0.98, 0.9),128,100,0.005,1024,0.214662104845047
1,1,3,1152,0.1,0.001,(0.8, 0.7),128,75,0.005,512,0.20931857824325562
1,1,3,1152,1.0,0.1,(0.9, 0.8),56,125,0.01,512,0.21489287912845612
1,1,2,1152,0.1,0.01,(0.98, 0.9),128,125,0.01,1024,0.30686914920806885
1,1,3,576,1.0,0.001,(0.98, 0.9),128,100,0.005,1024,0.30524805188179016
1,1,3,576,0.1,0.001,(0.98, 0.9),128,75,0.01,1024,0.3408854007720947
1,1,4,576,1.0,0.1,(0.98, 0.9),128,75,0.002,1024,0.30389973521232605
1,1,2,576,0.1,0.001,(0.8, 0.7),56,100,0.01,512,0.3435286283493042
1,1,4,576,1.0,0.01,(0.98, 0.9),128,75,0.002,1024,0.30345702171325684
1,1,2,1152,1.0,0.001,(0.8, 0.7),128,125,0.002,512,0.3163124918937683
1,1,4,1152,0.1,0.001,(0.8, 0.7),56,75,0.01,512,0.20722441375255585
1,1,3,1152,1.0,0.1,(0.8, 0.7),56,75,0.002,1024,0.30601128935813904
1,1,3,576,0.1,0.001,(0.98, 0.9),56,100,0.002,512,0.3148784339427948
1,1,3,576,0.1,0.1,(0.8, 0.7),104,100,0.01,512,0.20722439885139465
1,1,2,576,0.1,0.1,(0.98, 0.9),56,100,0.01,1024,0.3050273358821869
1,1,2,576,0.1,0.1,(0.8, 0.7),56,75,0.005,1024,0.29126954078674316
1,1,2,576,0.1,0.001,(0.98, 0.9),128,100,0.01,512,0.3476518988609314
1,1,3,1152,1.0,0.01,(0.9, 0.8),128,125,0.002,1024,0.3056914210319519
1,1,4,1152,1.0,0.01,(0.9, 0.8),104,100,0.005,1024,0.2073691338300705
1,1,3,1152,0.1,0.1,(0.98, 0.9),104,75,0.002,512,0.34789279103279114
1,1,4,1152,0.1,0.001,(0.98, 0.9),104,75,0.01,512,0.20832031965255737
1,1,4,576,1.0,0.01,(0.9, 0.8),56,100,0.002,1024,0.20753514766693115
1,1,4,1152,0.1,0.1,(0.98, 0.9),128,75,0.002,512,0.34757378697395325
1,1,3,1152,0.1,0.01,(0.8, 0.7),128,125,0.005,1024,0.20942579209804535
1,1,2,1152,1.0,0.001,(0.8, 0.7),128,100,0.01,512,0.3444465696811676
1,1,2,576,1.0,0.001,(0.8, 0.7),104,125,0.005,512,0.33391740918159485
1,1,3,1152,0.1,0.01,(0.8, 0.7),128,75,0.002,1024,0.3333984315395355
1,1,2,576,1.0,0.001,(0.98, 0.9),56,100,0.002,512,0.3104817867279053
1,1,4,1152,1.0,0.01,(0.98, 0.9),128,125,0.002,512,0.22649778425693512
1,1,4,1152,0.1,0.01,(0.8, 0.7),128,125,0.002,1024,0.24819141626358032
1,1,4,1152,1.0,0.01,(0.9, 0.8),128,75,0.005,1024,0.21085287630558014
1,1,4,576,0.1,0.001,(0.9, 0.8),56,75,0.01,512,0.33895182609558105
1,1,4,1152,1.0,0.1,(0.98, 0.9),128,100,0.005,1024,0.2073691338300705
1,1,4,576,1.0,0.001,(0.98, 0.9),56,100,0.002,1024,0.29227930307388306
1,1,2,1152,1.0,0.001,(0.9, 0.8),128,75,0.005,512,0.34562504291534424
1,1,3,1152,0.1,0.1,(0.8, 0.7),128,75,0.002,512,0.20722006261348724
1,1,3,576,1.0,0.01,(0.98, 0.9),128,125,0.005,1024,0.2935488522052765
1,1,4,576,1.0,0.01,(0.9, 0.8),104,75,0.01,512,0.20722438395023346
1,1,2,576,0.1,0.001,(0.8, 0.7),104,100,0.005,1024,0.3136601448059082
1,1,2,1152,1.0,0.001,(0.8, 0.7),128,75,0.005,512,0.3470746576786041
1,1,3,576,0.1,0.001,(0.8, 0.7),104,125,0.005,512,0.32419419288635254
1,1,4,1152,0.1,0.01,(0.8, 0.7),128,75,0.01,1024,0.20717231929302216
1,1,4,576,0.1,0.01,(0.98, 0.9),128,75,0.005,1024,0.29750433564186096
1,1,3,1152,0.1,0.1,(0.9, 0.8),128,75,0.005,1024,0.2290538102388382
1,1,2,576,0.1,0.001,(0.98, 0.9),128,100,0.01,512,0.3474327325820923
1,1,4,576,1.0,0.001,(0.98, 0.9),128,125,0.002,512,0.29825669527053833
1,1,3,576,0.1,0.001,(0.9, 0.8),104,100,0.005,1024,0.3326191306114197
1,1,3,576,0.1,0.001,(0.98, 0.9),104,100,0.005,1024,0.3101484477519989
1,1,3,1152,0.1,0.01,(0.98, 0.9),128,75,0.005,1024,0.33770832419395447
1,1,4,1152,0.1,0.01,(0.9, 0.8),104,75,0.002,1024,0.3147895038127899
1,1,4,1152,1.0,0.01,(0.9, 0.8),56,100,0.002,1024,0.20916016399860382
1,1,3,576,0.1,0.001,(0.98, 0.9),56,100,0.01,1024,0.20915624499320984
1,1,4,1152,1.0,0.1,(0.8, 0.7),56,125,0.005,512,0.20928128063678741
1,1,2,1152,0.1,0.001,(0.98, 0.9),128,125,0.005,512,0.3249084949493408
1,1,4,576,0.1,0.01,(0.8, 0.7),104,125,0.002,1024,0.3032539188861847
1,1,4,576,0.1,0.01,(0.9, 0.8),128,125,0.01,1024,0.20916017889976501
1,1,2,576,0.1,0.1,(0.9, 0.8),128,75,0.01,512,0.3479275405406952
1,1,2,576,1.0,0.01,(0.98, 0.9),104,125,0.01,512,0.3311495780944824
1,1,4,576,0.1,0.1,(0.8, 0.7),56,75,0.005,1024,0.20743274688720703
1,1,3,1152,0.1,0.1,(0.98, 0.9),128,125,0.01,1024,0.20927344262599945
1,1,4,1152,0.1,0.01,(0.8, 0.7),56,125,0.005,512,0.2072991132736206
1,1,4,576,0.1,0.001,(0.98, 0.9),104,100,0.005,512,0.20722439885139465
1,1,2,1152,1.0,0.1,(0.98, 0.9),56,125,0.002,1024,0.3074316680431366
1,1,3,1152,0.1,0.001,(0.8, 0.7),56,125,0.002,512,0.3226986527442932
1,1,4,1152,0.1,0.001,(0.9, 0.8),104,100,0.002,512,0.20927949249744415
1,1,3,576,0.1,0.1,(0.8, 0.7),128,75,0.005,1024,0.32740235328674316
1,1,4,1152,0.1,0.01,(0.9, 0.8),104,125,0.002,1024,0.2413281351327896
1,1,3,576,1.0,0.01,(0.8, 0.7),128,75,0.002,512,0.33731332421302795
1,1,4,1152,1.0,0.01,(0.8, 0.7),56,100,0.01,1024,0.20916016399860382
1,1,2,1152,0.1,0.01,(0.9, 0.8),56,75,0.002,1024,0.26338323950767517
1,1,3,1152,0.1,0.001,(0.98, 0.9),104,75,0.002,512,0.34799912571907043
1,1,3,1152,1.0,0.001,(0.9, 0.8),128,75,0.01,1024,0.21084199845790863
1,1,3,576,0.1,0.001,(0.98, 0.9),56,75,0.005,1024,0.3244379460811615
1,1,2,1152,0.1,0.1,(0.8, 0.7),56,125,0.01,1024,0.25590819120407104
1,1,4,1152,1.0,0.001,(0.98, 0.9),104,100,0.01,1024,0.20723243057727814
1,1,3,576,1.0,0.01,(0.9, 0.8),56,100,0.002,1024,0.30766209959983826
1,1,2,1152,1.0,0.001,(0.8, 0.7),104,100,0.005,512,0.34029948711395264
1,1,3,576,1.0,0.001,(0.8, 0.7),56,125,0.01,512,0.20928128063678741
1,1,3,1152,0.1,0.001,(0.8, 0.7),56,75,0.005,512,0.2086046189069748
1,1,3,1152,1.0,0.001,(0.98, 0.9),128,125,0.005,512,0.33456918597221375
1,1,4,1152,1.0,0.001,(0.9, 0.8),56,100,0.005,1024,0.20916016399860382
1,1,4,1152,0.1,0.01,(0.9, 0.8),128,75,0.005,512,0.23987849056720734
1,1,2,1152,0.1,0.1,(0.8, 0.7),56,125,0.002,512,0.30919644236564636
1,1,2,576,0.1,0.01,(0.9, 0.8),128,75,0.005,1024,0.33786022663116455
1,1,3,576,0.1,0.001,(0.9, 0.8),56,125,0.01,1024,0.2073691487312317
1,1,2,576,0.1,0.01,(0.8, 0.7),104,100,0.005,512,0.3424392640590668
1,1,3,576,1.0,0.01,(0.98, 0.9),104,125,0.002,1024,0.30225586891174316
1,1,3,1152,0.1,0.01,(0.98, 0.9),56,100,0.005,512,0.296857625246048
1,1,2,1152,0.1,0.01,(0.98, 0.9),56,100,0.01,512,0.3387066125869751
1,1,3,1152,0.1,0.01,(0.98, 0.9),56,100,0.01,512,0.342176616191864
1,1,3,576,0.1,0.01,(0.9, 0.8),128,125,0.005,1024,0.22547267377376556
1,1,2,576,0.1,0.1,(0.9, 0.8),56,125,0.005,512,0.31212949752807617
1,1,4,1152,0.1,0.01,(0.98, 0.9),56,100,0.002,512,0.33497610688209534
1,1,3,576,0.1,0.01,(0.98, 0.9),56,75,0.01,1024,0.2592404782772064
1,1,2,1152,1.0,0.001,(0.9, 0.8),104,75,0.01,1024,0.32420575618743896
1,1,4,1152,1.0,0.1,(0.98, 0.9),56,75,0.01,1024,0.20956380665302277
1,1,2,576,1.0,0.1,(0.8, 0.7),56,100,0.002,1024,0.2993554472923279
1,1,4,576,0.1,0.1,(0.8, 0.7),104,100,0.002,1024,0.30385154485702515
1,1,3,1152,1.0,0.001,(0.8, 0.7),128,125,0.002,512,0.31760936975479126
1,1,3,1152,1.0,0.01,(0.9, 0.8),128,100,0.002,1024,0.30753710865974426
1,1,4,1152,0.1,0.001,(0.98, 0.9),104,75,0.005,512,0.34422528743743896
1,1,4,576,0.1,0.001,(0.9, 0.8),104,100,0.005,1024,0.2161874771118164
1,1,3,576,1.0,0.001,(0.8, 0.7),104,125,0.002,1024,0.30338671803474426
1,1,2,1152,0.1,0.001,(0.98, 0.9),104,100,0.01,1024,0.3083867132663727
1,1,3,576,1.0,0.1,(0.98, 0.9),104,100,0.002,1024,0.30619725584983826
1,1,2,576,1.0,0.1,(0.98, 0.9),128,125,0.002,512,0.31053122878074646
1,1,3,576,0.1,0.001,(0.9, 0.8),104,125,0.01,512,0.20718304812908173
1,1,2,576,0.1,0.1,(0.98, 0.9),104,75,0.01,512,0.3491232693195343
1,1,2,576,1.0,0.1,(0.98, 0.9),56,125,0.005,1024,0.2831953465938568
1,1,3,576,0.1,0.01,(0.98, 0.9),128,125,0.01,1024,0.2084648460149765
1,1,2,1152,0.1,0.1,(0.8, 0.7),56,75,0.002,1024,0.3082074820995331
1,1,2,576,1.0,0.01,(0.98, 0.9),56,100,0.002,512,0.3064778745174408
1,1,4,576,0.1,0.1,(0.9, 0.8),128,125,0.005,512,0.20912054181098938
1,1,4,1152,1.0,0.001,(0.9, 0.8),128,125,0.01,512,0.2092835009098053
1,1,4,576,0.1,0.01,(0.9, 0.8),56,100,0.002,1024,0.3022773265838623
1,1,3,576,1.0,0.001,(0.9, 0.8),128,125,0.002,512,0.3125736713409424
1,1,4,576,1.0,0.1,(0.98, 0.9),128,100,0.01,1024,0.20737305283546448
1,1,4,576,1.0,0.001,(0.8, 0.7),104,100,0.005,512,0.20722439885139465
1,1,3,576,1.0,0.001,(0.9, 0.8),128,100,0.005,1024,0.288279265165329
1,1,4,576,0.1,0.1,(0.98, 0.9),128,125,0.002,1024,0.3015137016773224
1,1,3,1152,1.0,0.01,(0.8, 0.7),128,100,0.005,1024,0.2091699093580246
1,1,2,576,0.1,0.1,(0.9, 0.8),56,100,0.002,512,0.3143467903137207
1,1,3,1152,0.1,0.1,(0.98, 0.9),128,125,0.005,512,0.3469620645046234
1,1,3,1152,0.1,0.01,(0.98, 0.9),104,100,0.005,512,0.29304254055023193
1,1,4,1152,0.1,0.001,(0.98, 0.9),104,75,0.01,512,0.20722872018814087
1,1,3,576,1.0,0.001,(0.9, 0.8),56,100,0.01,1024,0.3017050623893738
1,1,2,1152,0.1,0.001,(0.9, 0.8),56,125,0.005,1024,0.3053261935710907
1,1,3,576,1.0,0.01,(0.8, 0.7),56,100,0.01,1024,0.30220118165016174
1,1,2,576,0.1,0.1,(0.8, 0.7),56,125,0.01,512,0.332685261964798
1,1,2,576,0.1,0.01,(0.9, 0.8),104,75,0.01,1024,0.329815536737442
1,1,2,1152,0.1,0.001,(0.8, 0.7),56,75,0.002,512,0.3227018415927887
1,1,2,1152,1.0,0.01,(0.9, 0.8),104,125,0.002,512,0.31430360674858093
1,1,4,576,0.1,0.001,(0.98, 0.9),56,100,0.002,1024,0.2974550724029541
1,1,4,576,1.0,0.1,(0.98, 0.9),56,75,0.002,512,0.317504346370697
1,1,3,1152,0.1,0.1,(0.9, 0.8),128,125,0.002,1024,0.30794334411621094
1,1,3,576,0.1,0.1,(0.98, 0.9),128,125,0.005,512,0.3429107069969177
1,1,4,1152,0.1,0.1,(0.9, 0.8),104,125,0.005,1024,0.21092188358306885
1,1,3,1152,0.1,0.01,(0.9, 0.8),104,125,0.01,512,0.20928128063678741
1,1,3,576,0.1,0.001,(0.9, 0.8),104,75,0.005,512,0.3495725095272064
1,1,4,1152,0.1,0.1,(0.8, 0.7),104,75,0.01,512,0.20722438395023346
1,1,4,576,1.0,0.01,(0.98, 0.9),128,100,0.005,1024,0.210699200630188
1,1,4,1152,0.1,0.001,(0.9, 0.8),128,100,0.002,512,0.20921224355697632
1,1,2,576,1.0,0.001,(0.98, 0.9),56,75,0.002,1024,0.3057877719402313
1,1,3,1152,0.1,0.01,(0.8, 0.7),56,125,0.005,1024,0.28827735781669617
1,1,3,576,1.0,0.1,(0.9, 0.8),56,100,0.005,1024,0.31111523509025574
1,1,3,576,1.0,0.1,(0.8, 0.7),56,100,0.005,512,0.2147829830646515
1,1,2,576,0.1,0.01,(0.9, 0.8),56,100,0.01,1024,0.31163865327835083
1,1,3,576,0.1,0.01,(0.8, 0.7),56,100,0.01,512,0.3478797674179077
1,1,4,576,1.0,0.1,(0.98, 0.9),56,75,0.01,1024,0.3253125250339508
1,1,2,1152,1.0,0.1,(0.8, 0.7),104,75,0.002,1024,0.3100130259990692
1,1,2,576,1.0,0.001,(0.8, 0.7),128,125,0.005,1024,0.3092539310455322
1,1,3,1152,1.0,0.01,(0.98, 0.9),104,75,0.01,1024,0.2092534750699997
1,1,2,576,0.1,0.1,(0.9, 0.8),128,75,0.002,1024,0.31263455748558044
1,1,3,1152,1.0,0.01,(0.98, 0.9),128,125,0.002,1024,0.3036738634109497
1,1,3,1152,0.1,0.001,(0.9, 0.8),128,125,0.01,1024,0.23630274832248688
1,1,3,1152,1.0,0.1,(0.8, 0.7),104,125,0.01,1024,0.20912694931030273
1,1,3,1152,1.0,0.001,(0.98, 0.9),56,125,0.01,1024,0.2073691487312317
1,1,2,1152,1.0,0.1,(0.8, 0.7),128,100,0.005,1024,0.31624025106430054
1,1,3,1152,1.0,0.001,(0.9, 0.8),56,125,0.01,512,0.3339196741580963
1,1,3,576,1.0,0.001,(0.98, 0.9),56,125,0.002,512,0.30793526768684387
1,1,4,1152,0.1,0.1,(0.9, 0.8),56,100,0.005,512,0.20931856334209442
1,1,4,1152,1.0,0.01,(0.8, 0.7),56,100,0.01,512,0.20722872018814087
1,1,3,576,0.1,0.001,(0.8, 0.7),104,75,0.01,512,0.3460807502269745
1,1,2,576,0.1,0.001,(0.98, 0.9),56,75,0.01,512,0.3485091030597687
1,1,3,1152,1.0,0.01,(0.8, 0.7),104,75,0.005,512,0.20804035663604736
1,1,4,1152,0.1,0.1,(0.9, 0.8),128,125,0.002,512,0.2876785695552826
1,1,3,576,0.1,0.001,(0.98, 0.9),104,125,0.005,1024,0.22365431487560272
1,1,2,576,0.1,0.1,(0.9, 0.8),128,75,0.002,512,0.3452647626399994
1,1,2,1152,1.0,0.001,(0.8, 0.7),56,100,0.005,1024,0.3044374883174896
1,1,3,576,1.0,0.01,(0.9, 0.8),104,75,0.005,512,0.3458724021911621
1,1,4,1152,0.1,0.01,(0.98, 0.9),104,100,0.002,512,0.3195573091506958
1,1,2,576,0.1,0.001,(0.98, 0.9),128,75,0.01,512,0.3510373532772064
1,1,4,1152,0.1,0.01,(0.98, 0.9),104,75,0.01,1024,0.2091536521911621
1,1,3,1152,0.1,0.1,(0.8, 0.7),104,100,0.01,1024,0.24807226657867432
1,1,3,576,1.0,0.1,(0.98, 0.9),128,100,0.01,512,0.3393055498600006
1,1,4,576,1.0,0.1,(0.98, 0.9),128,75,0.005,512,0.3185742199420929
1,1,3,1152,1.0,0.01,(0.9, 0.8),104,125,0.002,512,0.3137299418449402
1,1,2,1152,1.0,0.01,(0.8, 0.7),128,100,0.005,1024,0.31104689836502075
1,1,4,576,0.1,0.1,(0.8, 0.7),104,75,0.005,1024,0.20743274688720703
1,1,4,1152,0.1,0.1,(0.8, 0.7),128,125,0.005,1024,0.2073691487312317
1,1,2,1152,1.0,0.01,(0.9, 0.8),104,125,0.002,1024,0.31132033467292786
1,1,2,1152,1.0,0.1,(0.9, 0.8),128,75,0.01,512,0.34783852100372314
1,1,3,1152,0.1,0.01,(0.98, 0.9),104,75,0.005,512,0.3503189980983734
1,1,4,576,1.0,0.001,(0.8, 0.7),104,100,0.005,1024,0.20916016399860382
1,1,4,1152,0.1,0.001,(0.9, 0.8),56,100,0.005,1024,0.2091406136751175
1,1,4,1152,0.1,0.01,(0.8, 0.7),104,75,0.005,1024,0.28604164719581604
1,1,2,576,1.0,0.01,(0.98, 0.9),128,125,0.01,512,0.33849552273750305
1,1,4,576,1.0,0.1,(0.8, 0.7),104,125,0.01,512,0.20733705163002014
1,1,2,1152,0.1,0.01,(0.8, 0.7),128,75,0.01,1024,0.3423220217227936
1,1,4,1152,0.1,0.1,(0.8, 0.7),56,125,0.01,512,0.20950672030448914
1,1,4,576,1.0,0.1,(0.8, 0.7),56,125,0.01,512,0.2071339339017868
1,1,4,1152,0.1,0.001,(0.9, 0.8),104,100,0.002,1024,0.2073691338300705
1,1,4,576,0.1,0.01,(0.9, 0.8),128,100,0.002,1024,0.3031230568885803
1,1,2,1152,1.0,0.01,(0.9, 0.8),128,125,0.01,1024,0.3076777458190918
1,1,3,1152,1.0,0.001,(0.9, 0.8),56,100,0.01,512,0.20932072401046753
1,1,4,1152,0.1,0.001,(0.9, 0.8),128,125,0.002,1024,0.3039277493953705
1,1,3,1152,0.1,0.01,(0.98, 0.9),104,75,0.01,512,0.3489561975002289
1,1,3,1152,1.0,0.1,(0.9, 0.8),104,100,0.005,512,0.344134122133255
1,1,3,576,0.1,0.01,(0.9, 0.8),128,75,0.005,512,0.35072049498558044
1,1,2,1152,1.0,0.01,(0.98, 0.9),104,75,0.005,512,0.3451584279537201
1,1,4,1152,0.1,0.01,(0.9, 0.8),56,125,0.005,512,0.20928128063678741
1,1,2,1152,1.0,0.001,(0.98, 0.9),128,125,0.005,1024,0.30466797947883606
1,1,2,576,1.0,0.001,(0.98, 0.9),128,100,0.01,512,0.3358897268772125
1,1,3,576,1.0,0.001,(0.9, 0.8),56,75,0.002,512,0.3332400321960449
1,1,4,576,1.0,0.1,(0.9, 0.8),128,75,0.002,512,0.3268902003765106
1,1,3,576,0.1,0.01,(0.8, 0.7),56,100,0.005,512,0.3345681428909302
1,1,2,1152,1.0,0.1,(0.9, 0.8),104,125,0.005,1024,0.3067558705806732
1,1,2,576,0.1,0.001,(0.98, 0.9),128,125,0.002,1024,0.3083828389644623
